productId,sellerId,discount,endTime,gmtCreate,icon,iconHeight,iconWidth,itemEvalTotalNum,maxPrice,minPrice,orders,oriMaxPrice,oriMinPrice,phase,productAverageStar,productDetailUrl,productImage,productPositiveRate,productTitle,promotionId,soldout,startTime,stock,totalStock,totalTranpro3,trace
4000822557557,240172398,92,1615622399,1584687600,"http://ae01.alicdn.com/kf/H3b304b4a81654b9bac5174e945361698e.png",18,43,72,"US $3.99","US $3.99",1,"US $49.93","US $49.93",1,4.7,"//aliexpress.ru/item/4000822557557.html?gps-id=5547572&scm=1007.19201.130907.0&scm_id=1007.19201.130907.0&scm-url=1007.19201.130907.0&pvid=eead09e7-ed86-4371-b0df-caad6e3d37df","//ae01.alicdn.com/kf/H2ab4d2768de849a4b6025b79125bcdb6g.jpg_350x350.jpg",93.9,"YANHUI Classic 925 Sterling Silver High Quality Circle Clear CZ Zircon Stackable Rings for Women Wedding Jewelry Gift JZ002",1904902518,false,1615190400,2503,2504,154,"{""all"":{""pvid"":""eead09e7-ed86-4371-b0df-caad6e3d37df"",""scm-cnt"":""1007.19201.130907.0"",""gps-id"":""5547572""},""pvid"":""eead09e7-ed86-4371-b0df-caad6e3d37df"",""scm-cnt"":""1007.19201.130907.0"",""gps-id"":""5547572""}"
4000695592180,239653404,58,1615622399,1581667200,"http://ae01.alicdn.com/kf/H3b304b4a81654b9bac5174e945361698e.png",18,43,1414,"US $26.59","US $18.19",63,"US $63.32","US $43.32",1,4.8,"//aliexpress.ru/item/4000695592180.html?gps-id=5547572&scm=1007.19201.130907.0&scm_id=1007.19201.130907.0&scm-url=1007.19201.130907.0&pvid=681a6bb7-f9fb-44b8-a8c9-6ec5339e2794","//ae01.alicdn.com/kf/H3f80afd6fd32411d82ea44ef4d16d39dt.jpg_350x350.jpg",95.1,"KONKA Facial steamer Large-capacity water tank 100ml Gentle and Deap cleaning face steamer Electric spa face steamer Whitening",1905155618,false,1615190400,547,610,4584,"{""all"":{""pvid"":""681a6bb7-f9fb-44b8-a8c9-6ec5339e2794"",""scm-cnt"":""1007.19201.130907.0"",""gps-id"":""5547572""},""pvid"":""681a6bb7-f9fb-44b8-a8c9-6ec5339e2794"",""scm-cnt"":""1007.19201.130907.0"",""gps-id"":""5547572""}"
32793775351,230094000,65,1615622399,1486886400,"http://ae01.alicdn.com/kf/H3b304b4a81654b9bac5174e945361698e.png",18,43,6062,"US $9.38","US $9.38",238,"US $26.79","US $26.79",1,4.9,"//aliexpress.ru/item/32793775351.html?gps-id=5547572&scm=1007.19201.130907.0&scm_id=1007.19201.130907.0&scm-url=1007.19201.130907.0&pvid=920bbc5e-a5a7-4afb-bc8c-96970f174d2c","//ae01.alicdn.com/kf/HTB1rBY6XLLsK1Rjy0Fbq6xSEXXaG.jpg_350x350.jpg",97.1,"KINGSEVEN Men Vintage Aluminum Polarized Sunglasses Classic Brand Sun glasses Coating Lens Driving Eyewear For Men/Women",1904749953,false,1615190400,28633,28871,10431,"{""all"":{""pvid"":""920bbc5e-a5a7-4afb-bc8c-96970f174d2c"",""scm-cnt"":""1007.19201.130907.0"",""gps-id"":""5547572""},""pvid"":""920bbc5e-a5a7-4afb-bc8c-96970f174d2c"",""scm-cnt"":""1007.19201.130907.0"",""gps-id"":""5547572""}"
1005001831660161,234447977,49,1615622399,1606809600,"http://ae01.alicdn.com/kf/H3b304b4a81654b9bac5174e945361698e.png",18,43,215,"US $9.26","US $9.26",328,"US $18.15","US $18.15",1,4.8,"//aliexpress.ru/item/1005001831660161.html?gps-id=5547572&scm=1007.19201.130907.0&scm_id=1007.19201.130907.0&scm-url=1007.19201.130907.0&pvid=920bbc5e-a5a7-4afb-bc8c-96970f174d2c","//ae01.alicdn.com/kf/H854ef52cfe2e44d7a72cb179feb49222F.jpg_350x350.jpg",96.3,"Nibber Hollow Out Crop Top Y2K Punk Tee Shirts For Women Asymmetrical Gothic Streetwear 2021 Spring Sexy Skinny Club Clothes Top",1904749953,false,1615190400,29989,30317,2764,"{""all"":{""pvid"":""920bbc5e-a5a7-4afb-bc8c-96970f174d2c"",""scm-cnt"":""1007.19201.130907.0"",""gps-id"":""5547572""},""pvid"":""920bbc5e-a5a7-4afb-bc8c-96970f174d2c"",""scm-cnt"":""1007.19201.130907.0"",""gps-id"":""5547572""}"
1709629900,220506534,83,1615622399,1394607600,"http://ae01.alicdn.com/kf/H3b304b4a81654b9bac5174e945361698e.png",18,43,24,"US $16.99","US $11.89",1,"US $99.95","US $69.95",1,5.0,"//aliexpress.ru/item/1709629900.html?gps-id=5547572&scm=1007.19201.130907.0&scm_id=1007.19201.130907.0&scm-url=1007.19201.130907.0&pvid=5e6cb9a5-dc63-4466-a32b-9afd6a06ac7d","//ae01.alicdn.com/kf/HTB1mmenKXXXXXacXXXXq6xXFXXXK.jpg_350x350.jpg",100.0,"[NYMPH] Pearl Jewelry Natural Fresh Water Pearl Jewelry Set Wedding White Pearl Necklace Bracelet Fine Jewelry For Women[XL001]",1904911497,false,1615190400,17257,17258,38,"{""all"":{""pvid"":""5e6cb9a5-dc63-4466-a32b-9afd6a06ac7d"",""scm-cnt"":""1007.19201.130907.0"",""gps-id"":""5547572""},""pvid"":""5e6cb9a5-dc63-4466-a32b-9afd6a06ac7d"",""scm-cnt"":""1007.19201.130907.0"",""gps-id"":""5547572""}"
4001256055038,234543971,81,1615622399,1595055600,"http://ae01.alicdn.com/kf/H3b304b4a81654b9bac5174e945361698e.png",18,43,3150,"US $4.36","US $3.79",97,"US $22.95","US $19.95",1,4.8,"//aliexpress.ru/item/4001256055038.html?gps-id=5547572&scm=1007.19201.130907.0&scm_id=1007.19201.130907.0&scm-url=1007.19201.130907.0&pvid=5e6cb9a5-dc63-4466-a32b-9afd6a06ac7d","//ae01.alicdn.com/kf/H8e8b35043f4043a7ac8b5dfb8f06fae86.jpg_350x350.jpg",95.2,"FINETOO V Waist Cotton Panties Women M-4XL Underpants Female Underwear Sexy Low-Rise Girl Briefs Comfort Panties Ladies Lingerie",1904749953,false,1615190400,229339,229436,6370,"{""all"":{""pvid"":""5e6cb9a5-dc63-4466-a32b-9afd6a06ac7d"",""scm-cnt"":""1007.19201.130907.0"",""gps-id"":""5547572""},""pvid"":""5e6cb9a5-dc63-4466-a32b-9afd6a06ac7d"",""scm-cnt"":""1007.19201.130907.0"",""gps-id"":""5547572""}"
4001007093033,240172398,93,1615622399,1588662000,"http://ae01.alicdn.com/kf/H3b304b4a81654b9bac5174e945361698e.png",18,43,22,"US $3.49","US $3.49",1,"US $49.92","US $49.92",1,4.8,"//aliexpress.ru/item/4001007093033.html?gps-id=5547572&scm=1007.19201.130907.0&scm_id=1007.19201.130907.0&scm-url=1007.19201.130907.0&pvid=eead09e7-ed86-4371-b0df-caad6e3d37df","//ae01.alicdn.com/kf/H1e5d7d9d3a2b4b4da1fd044c23690bc5y.jpg_350x350.jpg",95.5,"YANHUI Classic 925 Sterling Silver Cubic Zirconia Stud Earrings Small CZ Crystal Women Earrings For Wedding Party Mens Earrings",1904902518,false,1615190400,971,972,61,"{""all"":{""pvid"":""eead09e7-ed86-4371-b0df-caad6e3d37df"",""scm-cnt"":""1007.19201.130907.0"",""gps-id"":""5547572""},""pvid"":""eead09e7-ed86-4371-b0df-caad6e3d37df"",""scm-cnt"":""1007.19201.130907.0"",""gps-id"":""5547572""}"
4000510698820,221124258,72,1615622399,1576656000,"http://ae01.alicdn.com/kf/H3b304b4a81654b9bac5174e945361698e.png",18,43,502,"US $185.82","US $45.67",146,"US $663.66","US $163.11",1,4.8,"//aliexpress.ru/item/4000510698820.html?gps-id=5547572&scm=1007.19201.130907.0&scm_id=1007.19201.130907.0&scm-url=1007.19201.130907.0&pvid=97f1d970-496a-4587-bd14-e6375bbc79f2","//ae01.alicdn.com/kf/Hd4f71fe32d594c5f90def7249707c347L.jpg_350x350.jpg",96.6,"CHEAP Deep Wave Wig Transparent Lace Frontal Wigs Wet And Wavy Curly Human Hair Wigs T Part Remy Brazilian Deep Wave Frontal Wig",1905172540,false,1615190400,1516,1662,1331,"{""all"":{""pvid"":""97f1d970-496a-4587-bd14-e6375bbc79f2"",""scm-cnt"":""1007.19201.130907.0"",""gps-id"":""5547572""},""pvid"":""97f1d970-496a-4587-bd14-e6375bbc79f2"",""scm-cnt"":""1007.19201.130907.0"",""gps-id"":""5547572""}"
1005002059727864,249695931,82,1615622399,1611129600,"http://ae01.alicdn.com/kf/H3b304b4a81654b9bac5174e945361698e.png",18,43,94,"US $8.84","US $7.09",4,"US $49.10","US $39.37",1,4.9,"//aliexpress.ru/item/1005002059727864.html?gps-id=5547572&scm=1007.19201.130907.0&scm_id=1007.19201.130907.0&scm-url=1007.19201.130907.0&pvid=5e6cb9a5-dc63-4466-a32b-9afd6a06ac7d","//ae01.alicdn.com/kf/Haadd81ee77634ed3b11ce1a6b9fed8a1R.jpg_350x350.jpg",98.9,"2021 New Arrival  One Piece Bathing Suit Women Swimsuit Hollow Out Swimwear Summer Beachwear",1904931418,false,1615190400,433186,433190,416,"{""all"":{""pvid"":""5e6cb9a5-dc63-4466-a32b-9afd6a06ac7d"",""scm-cnt"":""1007.19201.130907.0"",""gps-id"":""5547572""},""pvid"":""5e6cb9a5-dc63-4466-a32b-9afd6a06ac7d"",""scm-cnt"":""1007.19201.130907.0"",""gps-id"":""5547572""}"
32884617228,222011717,50,1615622399,1528786800,"http://ae01.alicdn.com/kf/H3b304b4a81654b9bac5174e945361698e.png",18,43,1544,"US $530.28","US $52.04",37,"US $1,060.57","US $104.08",1,4.7,"//aliexpress.ru/item/32884617228.html?gps-id=5547572&scm=1007.19201.130907.0&scm_id=1007.19201.130907.0&scm-url=1007.19201.130907.0&pvid=582ca33c-6196-45df-bd86-fac79a2c88ed","//ae01.alicdn.com/kf/He628a7c908f941ebab9f4d95f7bd89ddT.jpg_350x350.jpg",94.8,"Lace Front Human Hair Wigs Short Straight 28 30 40 inch Brazilian Natural Color Frontal Wig Pre Plucked Cheap For Black Women",1905155618,false,1615190400,10163,10200,2699,"{""all"":{""pvid"":""582ca33c-6196-45df-bd86-fac79a2c88ed"",""scm-cnt"":""1007.19201.130907.0"",""gps-id"":""5547572""},""pvid"":""582ca33c-6196-45df-bd86-fac79a2c88ed"",""scm-cnt"":""1007.19201.130907.0"",""gps-id"":""5547572""}"
4000203480306,220527017,85,1615622399,1569308400,"http://ae01.alicdn.com/kf/H3b304b4a81654b9bac5174e945361698e.png",18,43,11016,"US $1.49","US $0.01",494,"US $9.98","US $1.98",1,4.8,"//aliexpress.ru/item/4000203480306.html?gps-id=5547572&scm=1007.19201.130907.0&scm_id=1007.19201.130907.0&scm-url=1007.19201.130907.0&pvid=32dd59d4-74d7-4f5c-86a4-3cfa95a7c44c","//ae01.alicdn.com/kf/H450064a48b1d4b8cbb50cc769c9ca384E.jpg_350x350.jpg",95.1,"Vnox Basic Punk Stainless Steel Necklace for Men Women Curb Cuban Link Chain Chokers Vintage Black Gold Tone Solid Metal",1904749953,false,1615190400,148504,148998,32267,"{""all"":{""pvid"":""32dd59d4-74d7-4f5c-86a4-3cfa95a7c44c"",""scm-cnt"":""1007.19201.130907.0"",""gps-id"":""5547572""},""pvid"":""32dd59d4-74d7-4f5c-86a4-3cfa95a7c44c"",""scm-cnt"":""1007.19201.130907.0"",""gps-id"":""5547572""}"
4001237499542,240666249,61,1615622399,1594623600,"http://ae01.alicdn.com/kf/H3b304b4a81654b9bac5174e945361698e.png",18,43,156,"US $162.93","US $19.93",25,"US $417.78","US $51.11",1,4.8,"//aliexpress.ru/item/4001237499542.html?gps-id=5547572&scm=1007.19201.130907.0&scm_id=1007.19201.130907.0&scm-url=1007.19201.130907.0&pvid=d67b08fa-52fb-4e42-81e0-6ff85a3ce8d4","//ae01.alicdn.com/kf/Ha10795595bf142e9a8d7f55590ebfbade.jpg_350x350.jpg",96.0,"Wholesale Eyelashes mink 25mm False Eyelashes 10/20/30/50//100 Pairs 3D Mink Lashes Bulk Extension Vendor Makeup Mink Eyelashes",1905155618,false,1615190400,775,800,725,"{""all"":{""pvid"":""d67b08fa-52fb-4e42-81e0-6ff85a3ce8d4"",""scm-cnt"":""1007.19201.130907.0"",""gps-id"":""5547572""},""pvid"":""d67b08fa-52fb-4e42-81e0-6ff85a3ce8d4"",""scm-cnt"":""1007.19201.130907.0"",""gps-id"":""5547572""}"
4000082317523,239074971,38,1615622399,1565506800,"http://ae01.alicdn.com/kf/H3b304b4a81654b9bac5174e945361698e.png",18,43,10174,"US $54.14","US $46.73",937,"US $87.32","US $75.37",1,4.8,"//aliexpress.ru/item/4000082317523.html?gps-id=5547572&scm=1007.19201.130907.0&scm_id=1007.19201.130907.0&scm-url=1007.19201.130907.0&pvid=d67b08fa-52fb-4e42-81e0-6ff85a3ce8d4","//ae01.alicdn.com/kf/H8a8cd1796e3348a09978b9354bcb1e34O.jpg_350x350.jpg",97.0,"High frequency Massage gun muscle relax body relaxation Electric massager with portable bag for fitness Phoenix A2",1905155618,false,1615190400,7089,8026,28707,"{""all"":{""pvid"":""d67b08fa-52fb-4e42-81e0-6ff85a3ce8d4"",""scm-cnt"":""1007.19201.130907.0"",""gps-id"":""5547572""},""pvid"":""d67b08fa-52fb-4e42-81e0-6ff85a3ce8d4"",""scm-cnt"":""1007.19201.130907.0"",""gps-id"":""5547572""}"
1005001953433308,234897372,82,1615622399,1608969600,"http://ae01.alicdn.com/kf/H3b304b4a81654b9bac5174e945361698e.png",18,43,259,"US $4.22","US $3.59",29,"US $23.45","US $19.95",1,4.7,"//aliexpress.ru/item/1005001953433308.html?gps-id=5547572&scm=1007.19201.130907.0&scm_id=1007.19201.130907.0&scm-url=1007.19201.130907.0&pvid=5e6cb9a5-dc63-4466-a32b-9afd6a06ac7d","//ae01.alicdn.com/kf/H5b2cf2c58a7740e39b80855d06928544J.jpg_350x350.jpg",94.1,"2PCS/Set Seamless Women's Thong Sexy Bikini Underwear G-string Letter Lingerie Femme Low-Rise Panties Ice Silk Women Underpants",1904749953,false,1615190400,24641,24670,825,"{""all"":{""pvid"":""5e6cb9a5-dc63-4466-a32b-9afd6a06ac7d"",""scm-cnt"":""1007.19201.130907.0"",""gps-id"":""5547572""},""pvid"":""5e6cb9a5-dc63-4466-a32b-9afd6a06ac7d"",""scm-cnt"":""1007.19201.130907.0"",""gps-id"":""5547572""}"
33012077466,220165334,64,1615622399,1557385200,"http://ae01.alicdn.com/kf/H3b304b4a81654b9bac5174e945361698e.png",18,43,499,"US $275.19","US $51.52",10,"US $764.42","US $143.11",1,4.6,"//aliexpress.ru/item/33012077466.html?gps-id=5547572&scm=1007.19201.130907.0&scm_id=1007.19201.130907.0&scm-url=1007.19201.130907.0&pvid=84359873-8008-43b7-a0b5-c84f140cb283","//ae01.alicdn.com/kf/H61ea7b2ff6b748f28811d751250a32c1X.jpg_350x350.jpg",92.7,"Ishow Transparent Body Wave Lace Front Wig Pre Plucked Human Hair Wigs 28 30inch Long Wig 13x4 Lace Frontal Wig 5x5 Closure Wig",1905155618,false,1615190400,19190,19200,1036,"{""all"":{""pvid"":""84359873-8008-43b7-a0b5-c84f140cb283"",""scm-cnt"":""1007.19201.130907.0"",""gps-id"":""5547572""},""pvid"":""84359873-8008-43b7-a0b5-c84f140cb283"",""scm-cnt"":""1007.19201.130907.0"",""gps-id"":""5547572""}"
32847958454,220740699,84,1615622399,1514534400,"http://ae01.alicdn.com/kf/H3b304b4a81654b9bac5174e945361698e.png",18,43,374,"US $23.20","US $23.20",29,"US $145.00","US $145.00",1,4.7,"//aliexpress.ru/item/32847958454.html?gps-id=5547572&scm=1007.19201.130907.0&scm_id=1007.19201.130907.0&scm-url=1007.19201.130907.0&pvid=0ced5956-bbdc-4eff-abce-5997b14a788f","//ae01.alicdn.com/kf/H902956f6f2c74159b2cce12906913c70h.jpg_350x350.jpg",93.7,"EANOP M20 Mirror HUD Head Up display Auto HUD OBD2 Car Speed Projector  KMH MPH Speedometer Car Detector Oil Consumption",1904902518,false,1615190400,21154,21183,849,"{""all"":{""pvid"":""0ced5956-bbdc-4eff-abce-5997b14a788f"",""scm-cnt"":""1007.19201.130907.0"",""gps-id"":""5547572""},""pvid"":""0ced5956-bbdc-4eff-abce-5997b14a788f"",""scm-cnt"":""1007.19201.130907.0"",""gps-id"":""5547572""}"
4000731031972,240172398,97,1615622399,1582704000,"http://ae01.alicdn.com/kf/H3b304b4a81654b9bac5174e945361698e.png",18,43,191,"US $3.00","US $3.00",10,"US $99.89","US $99.89",1,4.6,"//aliexpress.ru/item/4000731031972.html?gps-id=5547572&scm=1007.19201.130907.0&scm_id=1007.19201.130907.0&scm-url=1007.19201.130907.0&pvid=582ca33c-6196-45df-bd86-fac79a2c88ed","//ae01.alicdn.com/kf/H2d65f1343b384b059f68b91ceaecfafeo.jpg_350x350.jpg",91.8,"With Certificate Luxury Original 925 Sterling Silver Round Zirconia Diamond Stud Earrings Aretes For Women Girl Children's Gift",1904902518,false,1615190400,311,321,312,"{""all"":{""pvid"":""582ca33c-6196-45df-bd86-fac79a2c88ed"",""scm-cnt"":""1007.19201.130907.0"",""gps-id"":""5547572""},""pvid"":""582ca33c-6196-45df-bd86-fac79a2c88ed"",""scm-cnt"":""1007.19201.130907.0"",""gps-id"":""5547572""}"
1005001388023793,240519403,86,1615622399,1599116400,"http://ae01.alicdn.com/kf/H3b304b4a81654b9bac5174e945361698e.png",18,43,15,"US $13.86","US $13.86",4,"US $99.00","US $99.00",1,4.1,"//aliexpress.ru/item/1005001388023793.html?gps-id=5547572&scm=1007.19201.130907.0&scm_id=1007.19201.130907.0&scm-url=1007.19201.130907.0&pvid=d67b08fa-52fb-4e42-81e0-6ff85a3ce8d4","//ae01.alicdn.com/kf/Hc551c6f483254a3cafd039d8870ff877C.jpg_350x350.jpg",82.7,"AmazeFan 4 in 1 EMS photon beauty instrument female facial care eye care tool beauty machine skin care instrument beauty instrum",1905155618,false,1615190400,96,100,117,"{""all"":{""pvid"":""d67b08fa-52fb-4e42-81e0-6ff85a3ce8d4"",""scm-cnt"":""1007.19201.130907.0"",""gps-id"":""5547572""},""pvid"":""d67b08fa-52fb-4e42-81e0-6ff85a3ce8d4"",""scm-cnt"":""1007.19201.130907.0"",""gps-id"":""5547572""}"
4000804721321,238893738,59,1615622399,1584428400,"http://ae01.alicdn.com/kf/H3b304b4a81654b9bac5174e945361698e.png",18,43,564,"US $266.50","US $53.79",77,"US $650.01","US $131.19",1,4.7,"//aliexpress.ru/item/4000804721321.html?gps-id=5547572&scm=1007.19201.130907.0&scm_id=1007.19201.130907.0&scm-url=1007.19201.130907.0&pvid=920bbc5e-a5a7-4afb-bc8c-96970f174d2c","//ae01.alicdn.com/kf/Hf6667bbf5d5e42c3adaf7521533328138.jpg_350x350.jpg",93.1,"UWIGS 613 Blonde Lace Front Wig Human Hair 30 inch Body Wave Lace Front Wig Transparent Lace Frontal Wigs For Black Women Remy",1905155618,false,1615190400,4723,4800,1163,"{""all"":{""pvid"":""920bbc5e-a5a7-4afb-bc8c-96970f174d2c"",""scm-cnt"":""1007.19201.130907.0"",""gps-id"":""5547572""},""pvid"":""920bbc5e-a5a7-4afb-bc8c-96970f174d2c"",""scm-cnt"":""1007.19201.130907.0"",""gps-id"":""5547572""}"
32958119407,229557341,85,1615622399,1542614400,"http://ae01.alicdn.com/kf/H3b304b4a81654b9bac5174e945361698e.png",18,43,475,"US $11.77","US $10.49",15,"US $78.45","US $69.95",1,4.9,"//aliexpress.ru/item/32958119407.html?gps-id=5547572&scm=1007.19201.130907.0&scm_id=1007.19201.130907.0&scm-url=1007.19201.130907.0&pvid=d67b08fa-52fb-4e42-81e0-6ff85a3ce8d4","//ae01.alicdn.com/kf/Hbf9d1c0deeeb476fae31f8ca035513b2E.jpg_350x350.jpg",97.2,"Shengke Women's Watches Fashion Leather Wrist Watch Vintage Ladies Watch Irregular Clock Mujer Bayan Kol Saati Montre Feminino",1904902518,false,1615190400,1570,1585,913,"{""all"":{""pvid"":""d67b08fa-52fb-4e42-81e0-6ff85a3ce8d4"",""scm-cnt"":""1007.19201.130907.0"",""gps-id"":""5547572""},""pvid"":""d67b08fa-52fb-4e42-81e0-6ff85a3ce8d4"",""scm-cnt"":""1007.19201.130907.0"",""gps-id"":""5547572""}"
1005001666118382,243383831,89,1615622399,1603868400,"http://ae01.alicdn.com/kf/H3b304b4a81654b9bac5174e945361698e.png",18,43,30,"US $18.06","US $9.53",1,"US $164.20","US $86.60",1,4.8,"//aliexpress.ru/item/1005001666118382.html?gps-id=5547572&scm=1007.19201.130907.0&scm_id=1007.19201.130907.0&scm-url=1007.19201.130907.0&pvid=84359873-8008-43b7-a0b5-c84f140cb283","//ae01.alicdn.com/kf/H79129c9cd2ed453b94d985fe2d017519S.jpg_350x350.jpg",95.3,"DOOPAI Knitted Braided Elastic Belts Man/Women Pin Buckle Belts Casual Saistband Teenage Students Fashion Wild Jeans Straps  Рем",1904902518,false,1615190400,649,650,59,"{""all"":{""pvid"":""84359873-8008-43b7-a0b5-c84f140cb283"",""scm-cnt"":""1007.19201.130907.0"",""gps-id"":""5547572""},""pvid"":""84359873-8008-43b7-a0b5-c84f140cb283"",""scm-cnt"":""1007.19201.130907.0"",""gps-id"":""5547572""}"
1005002010713857,206060878,83,1615622399,1610092800,"http://ae01.alicdn.com/kf/H3b304b4a81654b9bac5174e945361698e.png",18,43,43,"US $9.63","US $9.63",0,"US $56.65","US $56.65",1,4.9,"//aliexpress.ru/item/1005002010713857.html?gps-id=5547572&scm=1007.19201.130907.0&scm_id=1007.19201.130907.0&scm-url=1007.19201.130907.0&pvid=0ced5956-bbdc-4eff-abce-5997b14a788f","//ae01.alicdn.com/kf/H7bffb229283c4043909d9748b4d6b849j.jpg_350x350.jpg",97.7,"IMAGIC Highlighter Powder Glitter Palette Face Blusher Rouge shadow Contour Face Concealer Smooth  Continuous makeup waterproof",1904749953,false,1615190400,5535,5535,95,"{""all"":{""pvid"":""0ced5956-bbdc-4eff-abce-5997b14a788f"",""scm-cnt"":""1007.19201.130907.0"",""gps-id"":""5547572""},""pvid"":""0ced5956-bbdc-4eff-abce-5997b14a788f"",""scm-cnt"":""1007.19201.130907.0"",""gps-id"":""5547572""}"
4000735056917,231711786,50,1615622399,1582790400,"http://ae01.alicdn.com/kf/H3b304b4a81654b9bac5174e945361698e.png",18,43,731,"US $105.00","US $51.00",54,"US $210.00","US $102.00",1,4.7,"//aliexpress.ru/item/4000735056917.html?gps-id=5547572&scm=1007.19201.130907.0&scm_id=1007.19201.130907.0&scm-url=1007.19201.130907.0&pvid=97f1d970-496a-4587-bd14-e6375bbc79f2","//ae01.alicdn.com/kf/H104559cb268c43509389f3f89a22dc2aR.jpg_350x350.jpg",94.7,"Curly Bob Wig Lace Front Human Hair Wigs With Baby Hair Brazilian Remy Hair Short Pre Plucked Wig For Black Women Deep Wave Wig",1905172540,false,1615190400,1481,1535,1719,"{""all"":{""pvid"":""97f1d970-496a-4587-bd14-e6375bbc79f2"",""scm-cnt"":""1007.19201.130907.0"",""gps-id"":""5547572""},""pvid"":""97f1d970-496a-4587-bd14-e6375bbc79f2"",""scm-cnt"":""1007.19201.130907.0"",""gps-id"":""5547572""}"
1005001401839617,238959442,85,1615622399,1599289200,"http://ae01.alicdn.com/kf/H3b304b4a81654b9bac5174e945361698e.png",18,43,98,"US $1,499.85","US $1,499.85",0,"US $9,999.00","US $9,999.00",1,4.6,"//aliexpress.ru/item/1005001401839617.html?gps-id=5547572&scm=1007.19201.130907.0&scm_id=1007.19201.130907.0&scm-url=1007.19201.130907.0&pvid=0ced5956-bbdc-4eff-abce-5997b14a788f","//ae01.alicdn.com/kf/H01865d28943341e08f446e98b06f86652.jpg_350x350.jpg",91.2,"MIUI 2L Mini Smart Air Fryer with LED-Touch 360° Baking Technology Electric Multipurpose Deep Fryer Oil-Free French Fries",1904778140,false,1615190400,59,59,203,"{""all"":{""pvid"":""0ced5956-bbdc-4eff-abce-5997b14a788f"",""scm-cnt"":""1007.19201.130907.0"",""gps-id"":""5547572""},""pvid"":""0ced5956-bbdc-4eff-abce-5997b14a788f"",""scm-cnt"":""1007.19201.130907.0"",""gps-id"":""5547572""}"
32910358685,116824923,82,1615622399,1534143600,"http://ae01.alicdn.com/kf/H3b304b4a81654b9bac5174e945361698e.png",18,43,59,"US $6.29","US $6.29",8,"US $34.93","US $34.93",1,5.0,"//aliexpress.ru/item/32910358685.html?gps-id=5547572&scm=1007.19201.130907.0&scm_id=1007.19201.130907.0&scm-url=1007.19201.130907.0&pvid=32dd59d4-74d7-4f5c-86a4-3cfa95a7c44c","//ae01.alicdn.com/kf/Hed96f056367d4c4e8d17462a63be05a6m.jpg_350x350.jpg",100.0,"WOSTU Authentic 925 Sterling Silver Stackable Daisy Floral Stud Earrings Clear CZ Flower Woman Earring Party Jewelry Gift CQE419",1904902518,false,1615190400,189,197,100,"{""all"":{""pvid"":""32dd59d4-74d7-4f5c-86a4-3cfa95a7c44c"",""scm-cnt"":""1007.19201.130907.0"",""gps-id"":""5547572""},""pvid"":""32dd59d4-74d7-4f5c-86a4-3cfa95a7c44c"",""scm-cnt"":""1007.19201.130907.0"",""gps-id"":""5547572""}"
1005001432431660,220865946,83,1615622399,1599807600,"http://ae01.alicdn.com/kf/H3b304b4a81654b9bac5174e945361698e.png",18,43,1021,"US $33.99","US $31.44",23,"US $199.95","US $184.95",1,4.8,"//aliexpress.ru/item/1005001432431660.html?gps-id=5547572&scm=1007.19201.130907.0&scm_id=1007.19201.130907.0&scm-url=1007.19201.130907.0&pvid=0ced5956-bbdc-4eff-abce-5997b14a788f","//ae01.alicdn.com/kf/Hf0940fa7d173405bb2fe50fa98df7beay.jpg_350x350.jpg",95.3,"LIGE 2020 New Steel Band Digital Watch Men Sport Watches Electronic LED Male Wrist Watch For Men Clock Waterproof Bluetooth Hour",1904749953,false,1615190400,3622,3645,1851,"{""all"":{""pvid"":""0ced5956-bbdc-4eff-abce-5997b14a788f"",""scm-cnt"":""1007.19201.130907.0"",""gps-id"":""5547572""},""pvid"":""0ced5956-bbdc-4eff-abce-5997b14a788f"",""scm-cnt"":""1007.19201.130907.0"",""gps-id"":""5547572""}"
1005001411451498,240172398,97,1615622399,1599462000,"http://ae01.alicdn.com/kf/H3b304b4a81654b9bac5174e945361698e.png",18,43,115,"US $3.00","US $3.00",12,"US $99.89","US $99.89",1,4.6,"//aliexpress.ru/item/1005001411451498.html?gps-id=5547572&scm=1007.19201.130907.0&scm_id=1007.19201.130907.0&scm-url=1007.19201.130907.0&pvid=582ca33c-6196-45df-bd86-fac79a2c88ed","//ae01.alicdn.com/kf/Haf11f3a1df574d3387c6f4f8c72a2458J.jpg_350x350.jpg",92.5,"YANHUI New Luxury Crystal CZ Heart Pendant Choker Necklace 925 Sterling Silver Chain Necklaces For Women Wedding Jewelry Gifts",1904902518,false,1615190400,28540,28552,396,"{""all"":{""pvid"":""582ca33c-6196-45df-bd86-fac79a2c88ed"",""scm-cnt"":""1007.19201.130907.0"",""gps-id"":""5547572""},""pvid"":""582ca33c-6196-45df-bd86-fac79a2c88ed"",""scm-cnt"":""1007.19201.130907.0"",""gps-id"":""5547572""}"
4000715647332,239935948,79,1615622399,1582272000,"http://ae01.alicdn.com/kf/H3b304b4a81654b9bac5174e945361698e.png",18,43,55,"US $28.10","US $28.10",21,"US $133.81","US $133.81",1,4.8,"//aliexpress.ru/item/4000715647332.html?gps-id=5547572&scm=1007.19201.130907.0&scm_id=1007.19201.130907.0&scm-url=1007.19201.130907.0&pvid=681a6bb7-f9fb-44b8-a8c9-6ec5339e2794","//ae01.alicdn.com/kf/H9840188fa51f4f05bf626a7e2b5c4dcbT.jpg_350x350.jpg",96.0,"Travel Ultralight Folding Chair Weight Heavy Duty Foldable Beach Portable Beach Hiking Picnic Seat Fishing Tools Chair Seat",1904902518,false,1615190400,442,463,131,"{""all"":{""pvid"":""681a6bb7-f9fb-44b8-a8c9-6ec5339e2794"",""scm-cnt"":""1007.19201.130907.0"",""gps-id"":""5547572""},""pvid"":""681a6bb7-f9fb-44b8-a8c9-6ec5339e2794"",""scm-cnt"":""1007.19201.130907.0"",""gps-id"":""5547572""}"
4001262727343,231209482,83,1615622399,1595228400,"http://ae01.alicdn.com/kf/H3b304b4a81654b9bac5174e945361698e.png",18,43,33,"US $16.99","US $16.99",8,"US $99.95","US $99.95",1,4.9,"//aliexpress.ru/item/4001262727343.html?gps-id=5547572&scm=1007.19201.130907.0&scm_id=1007.19201.130907.0&scm-url=1007.19201.130907.0&pvid=5e6cb9a5-dc63-4466-a32b-9afd6a06ac7d","//ae01.alicdn.com/kf/Hee74aba968844b9298c161b9838a5fd1M.jpg_350x350.jpg",97.6,"NIBOSI New Fashion Female Business Ladies Watch Luxury Ladies Wristwatches Top Quality Brand Design Women Watch Relogio Feminino",1904902518,false,1615190400,18222,18230,122,"{""all"":{""pvid"":""5e6cb9a5-dc63-4466-a32b-9afd6a06ac7d"",""scm-cnt"":""1007.19201.130907.0"",""gps-id"":""5547572""},""pvid"":""5e6cb9a5-dc63-4466-a32b-9afd6a06ac7d"",""scm-cnt"":""1007.19201.130907.0"",""gps-id"":""5547572""}"
4000843997741,240172398,97,1615622399,1585206000,"http://ae01.alicdn.com/kf/H3b304b4a81654b9bac5174e945361698e.png",18,43,60,"US $3.00","US $3.00",38,"US $99.89","US $99.89",1,4.7,"//aliexpress.ru/item/4000843997741.html?gps-id=5547572&scm=1007.19201.130907.0&scm_id=1007.19201.130907.0&scm-url=1007.19201.130907.0&pvid=582ca33c-6196-45df-bd86-fac79a2c88ed","//ae01.alicdn.com/kf/H1e5bec9e88ba44508427981388d2e4ebV.jpg_350x350.jpg",93.3,"Genuine 925 Solid Silver Super Shining Square Design Cubic Zircon Pendant Necklaces For Women Bridal Wedding Silver 925 Jewelry",1904902518,false,1615190400,550,588,116,"{""all"":{""pvid"":""582ca33c-6196-45df-bd86-fac79a2c88ed"",""scm-cnt"":""1007.19201.130907.0"",""gps-id"":""5547572""},""pvid"":""582ca33c-6196-45df-bd86-fac79a2c88ed"",""scm-cnt"":""1007.19201.130907.0"",""gps-id"":""5547572""}"
4001062300004,240172398,97,1615622399,1590044400,"http://ae01.alicdn.com/kf/H3b304b4a81654b9bac5174e945361698e.png",18,43,417,"US $3.00","US $3.00",55,"US $99.89","US $99.89",1,4.8,"//aliexpress.ru/item/4001062300004.html?gps-id=5547572&scm=1007.19201.130907.0&scm_id=1007.19201.130907.0&scm-url=1007.19201.130907.0&pvid=582ca33c-6196-45df-bd86-fac79a2c88ed","//ae01.alicdn.com/kf/Hf29516eccbaa433484bc004c8af3d1b7y.jpg_350x350.jpg",95.9,"With Certificate Silver 925 Frosted Finger Rings for Woman Men Wedding Bands Silver 925 Jewelry Top Quality Never Fade MSR07",1904902518,false,1615190400,2148,2203,969,"{""all"":{""pvid"":""582ca33c-6196-45df-bd86-fac79a2c88ed"",""scm-cnt"":""1007.19201.130907.0"",""gps-id"":""5547572""},""pvid"":""582ca33c-6196-45df-bd86-fac79a2c88ed"",""scm-cnt"":""1007.19201.130907.0"",""gps-id"":""5547572""}"
32795338933,200668109,73,1615622399,1488355200,"http://ae01.alicdn.com/kf/H3b304b4a81654b9bac5174e945361698e.png",18,43,3722,"US $7.78","US $6.70",109,"US $28.80","US $24.80",1,4.7,"//aliexpress.ru/item/32795338933.html?gps-id=5547572&scm=1007.19201.130907.0&scm_id=1007.19201.130907.0&scm-url=1007.19201.130907.0&pvid=d67b08fa-52fb-4e42-81e0-6ff85a3ce8d4","//ae01.alicdn.com/kf/H81fa0110527d4b20afa5042ee93e34c63.jpg_350x350.jpg",94.6,"men high quality genuine leather belt luxury designer belts men cowskin fashion Strap male Jeans for man cowboy free shipping",1904749953,false,1615190400,27380,27489,6384,"{""all"":{""pvid"":""d67b08fa-52fb-4e42-81e0-6ff85a3ce8d4"",""scm-cnt"":""1007.19201.130907.0"",""gps-id"":""5547572""},""pvid"":""d67b08fa-52fb-4e42-81e0-6ff85a3ce8d4"",""scm-cnt"":""1007.19201.130907.0"",""gps-id"":""5547572""}"
32924785551,220740699,81,1615622399,1537426800,"http://ae01.alicdn.com/kf/H3b304b4a81654b9bac5174e945361698e.png",18,43,505,"US $28.31","US $28.31",17,"US $149.00","US $149.00",1,4.8,"//aliexpress.ru/item/32924785551.html?gps-id=5547572&scm=1007.19201.130907.0&scm_id=1007.19201.130907.0&scm-url=1007.19201.130907.0&pvid=5e6cb9a5-dc63-4466-a32b-9afd6a06ac7d","//ae01.alicdn.com/kf/H5a775255f16a44dd8f2fe2afb4281073u.jpg_350x350.jpg",95.8,"EANOP HUD Mirror 04 Car Head up Display OBD2 Windshield Speed Projector Security Alarm Water temperature Overspeed RPM Voltage",1904749953,false,1615190400,9270,9287,1472,"{""all"":{""pvid"":""5e6cb9a5-dc63-4466-a32b-9afd6a06ac7d"",""scm-cnt"":""1007.19201.130907.0"",""gps-id"":""5547572""},""pvid"":""5e6cb9a5-dc63-4466-a32b-9afd6a06ac7d"",""scm-cnt"":""1007.19201.130907.0"",""gps-id"":""5547572""}"
32871471259,230807823,69,1615622399,1525330800,"http://ae01.alicdn.com/kf/H3b304b4a81654b9bac5174e945361698e.png",18,43,11552,"US $4.55","US $3.62",639,"US $14.68","US $11.69",1,4.7,"//aliexpress.ru/item/32871471259.html?gps-id=5547572&scm=1007.19201.130907.0&scm_id=1007.19201.130907.0&scm-url=1007.19201.130907.0&pvid=97f1d970-496a-4587-bd14-e6375bbc79f2","//ae01.alicdn.com/kf/H3b695c48d5934685b420e710ff24928bc.jpg_350x350.jpg",94.5,"ROSALIND Poly Nail Gel For Nails Extension Finger nail art Manicure Acryl gel Varnish hybrid 30ML Poly UV Gel Polish Extension",1905155618,false,1615190400,38361,39000,17239,"{""all"":{""pvid"":""97f1d970-496a-4587-bd14-e6375bbc79f2"",""scm-cnt"":""1007.19201.130907.0"",""gps-id"":""5547572""},""pvid"":""97f1d970-496a-4587-bd14-e6375bbc79f2"",""scm-cnt"":""1007.19201.130907.0"",""gps-id"":""5547572""}"
4000921909939,222547356,85,1615622399,1586847600,"http://ae01.alicdn.com/kf/H3b304b4a81654b9bac5174e945361698e.png",18,43,45,"US $73.92","US $73.92",2,"US $492.78","US $492.78",1,4.9,"//aliexpress.ru/item/4000921909939.html?gps-id=5547572&scm=1007.19201.130907.0&scm_id=1007.19201.130907.0&scm-url=1007.19201.130907.0&pvid=d67b08fa-52fb-4e42-81e0-6ff85a3ce8d4","//ae01.alicdn.com/kf/H58db0ef1eefe41a484455f2f90ad81bbz.jpg_350x350.jpg",97.3,"2020 New PAGANI DESIGN Brand Luxury Watches For Men Quartz Wristwatch Men Chronograph Automatic Watch Date Men Relogio Masculino",1904902518,false,1615190400,58,60,87,"{""all"":{""pvid"":""d67b08fa-52fb-4e42-81e0-6ff85a3ce8d4"",""scm-cnt"":""1007.19201.130907.0"",""gps-id"":""5547572""},""pvid"":""d67b08fa-52fb-4e42-81e0-6ff85a3ce8d4"",""scm-cnt"":""1007.19201.130907.0"",""gps-id"":""5547572""}"
4001181411436,240514227,91,1615622399,1592982000,"http://ae01.alicdn.com/kf/H3b304b4a81654b9bac5174e945361698e.png",18,43,491,"US $50.29","US $50.29",5,"US $558.80","US $558.80",1,4.8,"//aliexpress.ru/item/4001181411436.html?gps-id=5547572&scm=1007.19201.130907.0&scm_id=1007.19201.130907.0&scm-url=1007.19201.130907.0&pvid=d67b08fa-52fb-4e42-81e0-6ff85a3ce8d4","//ae01.alicdn.com/kf/Hcc957925961f42508a3c713ee21ec114Z.jpg_350x350.jpg",96.3,"OLEVS Men Mechanical Watch Top Brand Luxury Automatic Watch Sport Stainless Steel Waterproof Watch Men relogio masculino 6530",1904749953,false,1615190400,7916,7921,835,"{""all"":{""pvid"":""d67b08fa-52fb-4e42-81e0-6ff85a3ce8d4"",""scm-cnt"":""1007.19201.130907.0"",""gps-id"":""5547572""},""pvid"":""d67b08fa-52fb-4e42-81e0-6ff85a3ce8d4"",""scm-cnt"":""1007.19201.130907.0"",""gps-id"":""5547572""}"
4000618440153,240120349,91,1615622399,1578902400,"http://ae01.alicdn.com/kf/H3b304b4a81654b9bac5174e945361698e.png",18,43,55,"US $43.19","US $23.39",1,"US $479.90","US $259.90",1,4.7,"//aliexpress.ru/item/4000618440153.html?gps-id=5547572&scm=1007.19201.130907.0&scm_id=1007.19201.130907.0&scm-url=1007.19201.130907.0&pvid=d67b08fa-52fb-4e42-81e0-6ff85a3ce8d4","//ae01.alicdn.com/kf/Hd26bfd6ac0a8462fb6ba88bbffa2c750P.jpg_350x350.jpg",94.2,"2020 LIGE Men Watches Top Brand Luxury Automatic Mechanical Business Clock Gold Watch Men Reloj Mecanico De Hombres Charm Of Men",1904902518,false,1615190400,699,700,100,"{""all"":{""pvid"":""d67b08fa-52fb-4e42-81e0-6ff85a3ce8d4"",""scm-cnt"":""1007.19201.130907.0"",""gps-id"":""5547572""},""pvid"":""d67b08fa-52fb-4e42-81e0-6ff85a3ce8d4"",""scm-cnt"":""1007.19201.130907.0"",""gps-id"":""5547572""}"
32802618743,227584822,79,1615622399,1490857200,"http://ae01.alicdn.com/kf/H3b304b4a81654b9bac5174e945361698e.png",18,43,247,"US $50.47","US $6.37",11,"US $240.31","US $30.31",1,4.8,"//aliexpress.ru/item/32802618743.html?gps-id=5547572&scm=1007.19201.130907.0&scm_id=1007.19201.130907.0&scm-url=1007.19201.130907.0&pvid=681a6bb7-f9fb-44b8-a8c9-6ec5339e2794","//ae01.alicdn.com/kf/Haf1ee0cd22ce4a5dab11c6648d8e1f85G.jpg_350x350.jpg",96.4,"Kingston DataTraveler USB Flash Drives 64GB 128GB Pen Drive 8GB USB 3.0 high speed PenDrives 32GB  Mini Personality USB Stick",1904749953,false,1615190400,7242,7253,445,"{""all"":{""pvid"":""681a6bb7-f9fb-44b8-a8c9-6ec5339e2794"",""scm-cnt"":""1007.19201.130907.0"",""gps-id"":""5547572""},""pvid"":""681a6bb7-f9fb-44b8-a8c9-6ec5339e2794"",""scm-cnt"":""1007.19201.130907.0"",""gps-id"":""5547572""}"
1005001862786358,247501277,64,1615622399,1607414400,"http://ae01.alicdn.com/kf/H3b304b4a81654b9bac5174e945361698e.png",18,43,110,"US $219.60","US $53.03",89,"US $610.00","US $147.30",1,4.8,"//aliexpress.ru/item/1005001862786358.html?gps-id=5547572&scm=1007.19201.130907.0&scm_id=1007.19201.130907.0&scm-url=1007.19201.130907.0&pvid=582ca33c-6196-45df-bd86-fac79a2c88ed","//ae01.alicdn.com/kf/H25147e48fc1f4d0a8d1d46c58e3f581dJ.jpg_350x350.jpg",96.5,"28 30 Inch Deep Wave 13X4 Transparent Lace Front Wig Human Hair For Black Women Wet And Wavy Brazilian  Curly Lace Frontal Wig",1905172540,false,1615190400,3244,3333,467,"{""all"":{""pvid"":""582ca33c-6196-45df-bd86-fac79a2c88ed"",""scm-cnt"":""1007.19201.130907.0"",""gps-id"":""5547572""},""pvid"":""582ca33c-6196-45df-bd86-fac79a2c88ed"",""scm-cnt"":""1007.19201.130907.0"",""gps-id"":""5547572""}"
4001000389856,240172398,99,1615622399,1588402800,"http://ae01.alicdn.com/kf/H3b304b4a81654b9bac5174e945361698e.png",18,43,41,"US $1.00","US $1.00",79,"US $199.89","US $199.89",1,4.9,"//aliexpress.ru/item/4001000389856.html?gps-id=5547572&scm=1007.19201.130907.0&scm_id=1007.19201.130907.0&scm-url=1007.19201.130907.0&pvid=97f1d970-496a-4587-bd14-e6375bbc79f2","//ae01.alicdn.com/kf/H357b1b7c74ae4671a59d063e085b1884P.jpg_350x350.jpg",98.0,"YANHUI With Certificate Luxury Solitaire 2.0ct Zirconia Diamond Wedding Rings Women Pure 18K White Gold Silver 925 Rings R128",1904902518,false,1615190400,621,700,429,"{""all"":{""pvid"":""97f1d970-496a-4587-bd14-e6375bbc79f2"",""scm-cnt"":""1007.19201.130907.0"",""gps-id"":""5547572""},""pvid"":""97f1d970-496a-4587-bd14-e6375bbc79f2"",""scm-cnt"":""1007.19201.130907.0"",""gps-id"":""5547572""}"
1005002039035514,240119948,91,1615622399,1610697600,"http://ae01.alicdn.com/kf/H3b304b4a81654b9bac5174e945361698e.png",18,43,68,"US $35.99","US $34.19",13,"US $399.90","US $379.90",1,4.4,"//aliexpress.ru/item/1005002039035514.html?gps-id=5547572&scm=1007.19201.130907.0&scm_id=1007.19201.130907.0&scm-url=1007.19201.130907.0&pvid=84359873-8008-43b7-a0b5-c84f140cb283","//ae01.alicdn.com/kf/H488e3becd4f24d1cb0ff44ff83d46fc4u.jpg_350x350.jpg",88.8,"LIGE 2021 New Smart Watch Men Full Touch Screen Sports Fitness Watch IP68 Waterproof Bluetooth For Android ios smartwatch Mens",1904749953,false,1615190400,1156,1169,286,"{""all"":{""pvid"":""84359873-8008-43b7-a0b5-c84f140cb283"",""scm-cnt"":""1007.19201.130907.0"",""gps-id"":""5547572""},""pvid"":""84359873-8008-43b7-a0b5-c84f140cb283"",""scm-cnt"":""1007.19201.130907.0"",""gps-id"":""5547572""}"
33048200857,229557341,92,1615622399,1561705200,"http://ae01.alicdn.com/kf/H3b304b4a81654b9bac5174e945361698e.png",18,43,286,"US $12.55","US $10.39",19,"US $156.90","US $129.90",1,4.9,"//aliexpress.ru/item/33048200857.html?gps-id=5547572&scm=1007.19201.130907.0&scm_id=1007.19201.130907.0&scm-url=1007.19201.130907.0&pvid=eead09e7-ed86-4371-b0df-caad6e3d37df","//ae01.alicdn.com/kf/H118f57e5378d417f8f7f1a1d4b4459b0Y.jpg_350x350.jpg",98.0,"Shengke Women Watches Fashion Geneva Designer Ladies Watch Luxury Brand Rectangle Quartz Wrist Watch Luxury Gifts For Women",1904902518,false,1615190400,422,441,548,"{""all"":{""pvid"":""eead09e7-ed86-4371-b0df-caad6e3d37df"",""scm-cnt"":""1007.19201.130907.0"",""gps-id"":""5547572""},""pvid"":""eead09e7-ed86-4371-b0df-caad6e3d37df"",""scm-cnt"":""1007.19201.130907.0"",""gps-id"":""5547572""}"
33046982653,220871613,69,1615622399,1561359600,"http://ae01.alicdn.com/kf/H3b304b4a81654b9bac5174e945361698e.png",18,43,249,"US $246.76","US $19.22",21,"US $796.00","US $62.00",1,4.7,"//aliexpress.ru/item/33046982653.html?gps-id=5547572&scm=1007.19201.130907.0&scm_id=1007.19201.130907.0&scm-url=1007.19201.130907.0&pvid=681a6bb7-f9fb-44b8-a8c9-6ec5339e2794","//ae01.alicdn.com/kf/H9d3b9098c55f4e37a104a9addb8c7bd72.jpg_350x350.jpg",94.7,"Spark 1/3/4 Bundles Afro Kinky Curly Human Hair Extensions Ombre Brazilian 100% Human Hair Weave Bundles Blonde Brown Black Remy",1904902518,false,1615190400,2449,2470,803,"{""all"":{""pvid"":""681a6bb7-f9fb-44b8-a8c9-6ec5339e2794"",""scm-cnt"":""1007.19201.130907.0"",""gps-id"":""5547572""},""pvid"":""681a6bb7-f9fb-44b8-a8c9-6ec5339e2794"",""scm-cnt"":""1007.19201.130907.0"",""gps-id"":""5547572""}"
1005001871809885,228179814,92,1615622399,1607587200,"http://ae01.alicdn.com/kf/H3b304b4a81654b9bac5174e945361698e.png",18,43,4,"US $40.00","US $28.40",1,"US $499.99","US $355.03",1,5.0,"//aliexpress.ru/item/1005001871809885.html?gps-id=5547572&scm=1007.19201.130907.0&scm_id=1007.19201.130907.0&scm-url=1007.19201.130907.0&pvid=84359873-8008-43b7-a0b5-c84f140cb283","//ae01.alicdn.com/kf/Hb94c0c11dee5498b8e3d4b315d91bce1B.jpg_350x350.jpg",100.0,"SKMEI Business Automatic Men Watch Date Time Mens Mechanical Wristwatches Luminous Waterproof Male Watch reloj hombre 9232",1904902518,false,1615190400,305,306,9,"{""all"":{""pvid"":""84359873-8008-43b7-a0b5-c84f140cb283"",""scm-cnt"":""1007.19201.130907.0"",""gps-id"":""5547572""},""pvid"":""84359873-8008-43b7-a0b5-c84f140cb283"",""scm-cnt"":""1007.19201.130907.0"",""gps-id"":""5547572""}"
33005904049,230857184,91,1615622399,1556002800,"http://ae01.alicdn.com/kf/H3b304b4a81654b9bac5174e945361698e.png",18,43,545,"US $51.75","US $51.75",8,"US $575.00","US $575.00",1,4.7,"//aliexpress.ru/item/33005904049.html?gps-id=5547572&scm=1007.19201.130907.0&scm_id=1007.19201.130907.0&scm-url=1007.19201.130907.0&pvid=eead09e7-ed86-4371-b0df-caad6e3d37df","//ae01.alicdn.com/kf/H7089be10a15e42b28d2e6d833b47ff1cG.jpg_350x350.jpg",94.9,"AILANG Original design watch men's double flywheel automatic mechanical watch fashion casual business men's clock Original",1904749953,false,1615190400,19008,19016,854,"{""all"":{""pvid"":""eead09e7-ed86-4371-b0df-caad6e3d37df"",""scm-cnt"":""1007.19201.130907.0"",""gps-id"":""5547572""},""pvid"":""eead09e7-ed86-4371-b0df-caad6e3d37df"",""scm-cnt"":""1007.19201.130907.0"",""gps-id"":""5547572""}"
1005001495466771,240666249,59,1615622399,1600844400,"http://ae01.alicdn.com/kf/H3b304b4a81654b9bac5174e945361698e.png",18,43,83,"US $181.47","US $10.58",43,"US $442.60","US $25.80",1,4.9,"//aliexpress.ru/item/1005001495466771.html?gps-id=5547572&scm=1007.19201.130907.0&scm_id=1007.19201.130907.0&scm-url=1007.19201.130907.0&pvid=97f1d970-496a-4587-bd14-e6375bbc79f2","//ae01.alicdn.com/kf/Hc80c3591feb74876bf1dc2a7a6bdd15by.jpg_350x350.jpg",97.8,"8D Mink Eyelashes Packaging Box Bulk Natural Long 25MM 5D 3D Mink Lashes Wholesale Beauty False Eyelashes Extension Makeup Tools",1904902518,false,1615190400,857,900,442,"{""all"":{""pvid"":""97f1d970-496a-4587-bd14-e6375bbc79f2"",""scm-cnt"":""1007.19201.130907.0"",""gps-id"":""5547572""},""pvid"":""97f1d970-496a-4587-bd14-e6375bbc79f2"",""scm-cnt"":""1007.19201.130907.0"",""gps-id"":""5547572""}"
4000890695506,231209482,84,1615622399,1586156400,"http://ae01.alicdn.com/kf/H3b304b4a81654b9bac5174e945361698e.png",18,43,62,"US $19.19","US $19.19",2,"US $119.95","US $119.95",1,4.8,"//aliexpress.ru/item/4000890695506.html?gps-id=5547572&scm=1007.19201.130907.0&scm_id=1007.19201.130907.0&scm-url=1007.19201.130907.0&pvid=0ced5956-bbdc-4eff-abce-5997b14a788f","//ae01.alicdn.com/kf/H0dad9fbc12cc46d8a8f1317e6a87c85ep.jpg_350x350.jpg",95.8,"NIBOSI Men Watch Chronograph Sport Mens Watches Top Brand Luxury Waterproof Full Steel Quartz Gold Clock Men Relogio Masculino",1904902518,false,1615190400,7160,7162,93,"{""all"":{""pvid"":""0ced5956-bbdc-4eff-abce-5997b14a788f"",""scm-cnt"":""1007.19201.130907.0"",""gps-id"":""5547572""},""pvid"":""0ced5956-bbdc-4eff-abce-5997b14a788f"",""scm-cnt"":""1007.19201.130907.0"",""gps-id"":""5547572""}"
1005001483534438,227990236,55,1615622399,1600671600,"http://ae01.alicdn.com/kf/H3b304b4a81654b9bac5174e945361698e.png",18,43,783,"US $125.10","US $6.02",260,"US $278.00","US $13.38",1,4.8,"//aliexpress.ru/item/1005001483534438.html?gps-id=5547572&scm=1007.19201.130907.0&scm_id=1007.19201.130907.0&scm-url=1007.19201.130907.0&pvid=97f1d970-496a-4587-bd14-e6375bbc79f2","//ae01.alicdn.com/kf/Hd821f5fbea29408f904de66431eb5e588.jpg_350x350.jpg",95.0,"Wholesale Mink Eyelashes 30/40/50/100pcs 3d Mink Lashes Natural false Eyelashes messy fake Eyelashes Makeup False Lashes In Bulk",1905155618,false,1615190400,3740,4000,4109,"{""all"":{""pvid"":""97f1d970-496a-4587-bd14-e6375bbc79f2"",""scm-cnt"":""1007.19201.130907.0"",""gps-id"":""5547572""},""pvid"":""97f1d970-496a-4587-bd14-e6375bbc79f2"",""scm-cnt"":""1007.19201.130907.0"",""gps-id"":""5547572""}"
32840627909,231079801,57,1615622399,1509519600,"http://ae01.alicdn.com/kf/H3b304b4a81654b9bac5174e945361698e.png",18,43,715,"US $355.14","US $38.70",69,"US $825.90","US $90.00",1,4.7,"//aliexpress.ru/item/32840627909.html?gps-id=5547572&scm=1007.19201.130907.0&scm_id=1007.19201.130907.0&scm-url=1007.19201.130907.0&pvid=582ca33c-6196-45df-bd86-fac79a2c88ed","//ae01.alicdn.com/kf/Hd94cf5f0daf04d32acc9abc636d5fe564.jpg_350x350.jpg",94.6,"Sapphire Bone Straight Bundles With Closure Brazilian Hair Weave Bundles With Closure Human Hair Bundles With Closure Remy Hair",1904902518,false,1615190400,25131,25200,3097,"{""all"":{""pvid"":""582ca33c-6196-45df-bd86-fac79a2c88ed"",""scm-cnt"":""1007.19201.130907.0"",""gps-id"":""5547572""},""pvid"":""582ca33c-6196-45df-bd86-fac79a2c88ed"",""scm-cnt"":""1007.19201.130907.0"",""gps-id"":""5547572""}"
32911005128,234456087,85,1615622399,1534402800,"http://ae01.alicdn.com/kf/H3b304b4a81654b9bac5174e945361698e.png",18,43,147,"US $11.85","US $9.63",9,"US $78.99","US $64.23",1,4.7,"//aliexpress.ru/item/32911005128.html?gps-id=5547572&scm=1007.19201.130907.0&scm_id=1007.19201.130907.0&scm-url=1007.19201.130907.0&pvid=0ced5956-bbdc-4eff-abce-5997b14a788f","//ae01.alicdn.com/kf/Ha7774de3ab2c4e4a8785525b8a01ebddV.jpg_350x350.jpg",94.4,"Pet Carrier for Dogs Dog Carrier Adjustable Backpack Outdoor Travel Pet Products Shoulder Pad Bags for Small Dog Cat Supplies",1904902518,false,1615190400,791,800,343,"{""all"":{""pvid"":""0ced5956-bbdc-4eff-abce-5997b14a788f"",""scm-cnt"":""1007.19201.130907.0"",""gps-id"":""5547572""},""pvid"":""0ced5956-bbdc-4eff-abce-5997b14a788f"",""scm-cnt"":""1007.19201.130907.0"",""gps-id"":""5547572""}"
4001307993068,239017493,92,1615622399,1596438000,"http://ae01.alicdn.com/kf/H3b304b4a81654b9bac5174e945361698e.png",18,43,210,"US $13.59","US $13.59",10,"US $169.90","US $169.90",1,4.8,"//aliexpress.ru/item/4001307993068.html?gps-id=5547572&scm=1007.19201.130907.0&scm_id=1007.19201.130907.0&scm-url=1007.19201.130907.0&pvid=84359873-8008-43b7-a0b5-c84f140cb283","//ae01.alicdn.com/kf/H71bf1e30d4a54c4dae57712484325514C.jpg_350x350.jpg",96.3,"SWISH Luxury Men's Rectangle Watches Top Brand Black Business Wristwatch Waterproof Military Quartz Watch 2020 Relogio Masculino",1904902518,false,1615190400,884,894,574,"{""all"":{""pvid"":""84359873-8008-43b7-a0b5-c84f140cb283"",""scm-cnt"":""1007.19201.130907.0"",""gps-id"":""5547572""},""pvid"":""84359873-8008-43b7-a0b5-c84f140cb283"",""scm-cnt"":""1007.19201.130907.0"",""gps-id"":""5547572""}"
4000456721243,222381496,73,1615622399,1575792000,"http://ae01.alicdn.com/kf/H3b304b4a81654b9bac5174e945361698e.png",18,43,607,"US $19.44","US $19.44",70,"US $72.00","US $72.00",1,4.9,"//aliexpress.ru/item/4000456721243.html?gps-id=5547572&scm=1007.19201.130907.0&scm_id=1007.19201.130907.0&scm-url=1007.19201.130907.0&pvid=681a6bb7-f9fb-44b8-a8c9-6ec5339e2794","//ae01.alicdn.com/kf/H6c79b975a6794d0c945abb765dd4f5acJ.jpg_350x350.jpg",97.3,"TWOTWINSTYLE White Side Split Knitted Women's Sweater Square Collar Long Sleeve Sweaters Female Autumn Fashion New Clothes 2020",1904749953,false,1615190400,7422,7492,1613,"{""all"":{""pvid"":""681a6bb7-f9fb-44b8-a8c9-6ec5339e2794"",""scm-cnt"":""1007.19201.130907.0"",""gps-id"":""5547572""},""pvid"":""681a6bb7-f9fb-44b8-a8c9-6ec5339e2794"",""scm-cnt"":""1007.19201.130907.0"",""gps-id"":""5547572""}"
32948473973,231234981,52,1615622399,1540450800,"http://ae01.alicdn.com/kf/H3b304b4a81654b9bac5174e945361698e.png",18,43,553,"US $297.12","US $41.76",125,"US $619.00","US $87.00",1,4.7,"//aliexpress.ru/item/32948473973.html?gps-id=5547572&scm=1007.19201.130907.0&scm_id=1007.19201.130907.0&scm-url=1007.19201.130907.0&pvid=97f1d970-496a-4587-bd14-e6375bbc79f2","//ae01.alicdn.com/kf/H6a28c41d81d34bf38b724fb2b8aaefech.jpg_350x350.jpg",94.0,"BEAUDIVA Lace Human Hair Wigs Prepluck 13*4 Straight Human Hair Wigs With Baby Hair Bleach Knots 4x4 Closure Wig",1905152680,false,1615190400,11975,12100,1394,"{""all"":{""pvid"":""97f1d970-496a-4587-bd14-e6375bbc79f2"",""scm-cnt"":""1007.19201.130907.0"",""gps-id"":""5547572""},""pvid"":""97f1d970-496a-4587-bd14-e6375bbc79f2"",""scm-cnt"":""1007.19201.130907.0"",""gps-id"":""5547572""}"
4001360387483,230857184,94,1615622399,1597647600,"http://ae01.alicdn.com/kf/H3b304b4a81654b9bac5174e945361698e.png",18,43,949,"US $40.32","US $40.32",7,"US $672.00","US $672.00",1,4.7,"//aliexpress.ru/item/4001360387483.html?gps-id=5547572&scm=1007.19201.130907.0&scm_id=1007.19201.130907.0&scm-url=1007.19201.130907.0&pvid=920bbc5e-a5a7-4afb-bc8c-96970f174d2c","//ae01.alicdn.com/kf/Hafd5d9ef7d9d42f1bb6854486c5fafd1o.jpg_350x350.jpg",94.1,"watch men luxury mechanical automatic chronograph Square Large Dial Watch Hollow Waterproof 2020 New mens fashion watches swiss",1904749953,false,1615190400,1973,1980,1842,"{""all"":{""pvid"":""920bbc5e-a5a7-4afb-bc8c-96970f174d2c"",""scm-cnt"":""1007.19201.130907.0"",""gps-id"":""5547572""},""pvid"":""920bbc5e-a5a7-4afb-bc8c-96970f174d2c"",""scm-cnt"":""1007.19201.130907.0"",""gps-id"":""5547572""}"
4000734657474,228101900,85,1615622399,1582790400,"http://ae01.alicdn.com/kf/H3b304b4a81654b9bac5174e945361698e.png",18,43,468,"US $24.74","US $17.99",25,"US $164.95","US $119.95",1,4.8,"//aliexpress.ru/item/4000734657474.html?gps-id=5547572&scm=1007.19201.130907.0&scm_id=1007.19201.130907.0&scm-url=1007.19201.130907.0&pvid=0ced5956-bbdc-4eff-abce-5997b14a788f","//ae01.alicdn.com/kf/H28ae644ef49644aabbe06d9552bf7777w.jpg_350x350.jpg",95.5,"Hembeer P8 1.4 inch Smart Watch Men Full Touch Fitness Tracker Blood Pressure Smart Clock Women GTS Smartwatch for Xiaomi iphone",1904749953,false,1615190400,1206,1231,1037,"{""all"":{""pvid"":""0ced5956-bbdc-4eff-abce-5997b14a788f"",""scm-cnt"":""1007.19201.130907.0"",""gps-id"":""5547572""},""pvid"":""0ced5956-bbdc-4eff-abce-5997b14a788f"",""scm-cnt"":""1007.19201.130907.0"",""gps-id"":""5547572""}"
4000079849127,239139969,59,1615622399,1565506800,"http://ae01.alicdn.com/kf/H3b304b4a81654b9bac5174e945361698e.png",18,43,2487,"US $14.51","US $7.68",465,"US $35.40","US $18.72",1,4.7,"//aliexpress.ru/item/4000079849127.html?gps-id=5547572&scm=1007.19201.130907.0&scm_id=1007.19201.130907.0&scm-url=1007.19201.130907.0&pvid=681a6bb7-f9fb-44b8-a8c9-6ec5339e2794","//ae01.alicdn.com/kf/H8fbc47fe1bbb4f1d9aa5975a02d622d8z.jpg_350x350.jpg",93.7,"Electric Muscle Stimulator ems Wireless Buttocks Hip Trainer Abdominal ABS Stimulator Fitness Body Slimming Massager",1904902518,false,1615190400,5035,5500,10541,"{""all"":{""pvid"":""681a6bb7-f9fb-44b8-a8c9-6ec5339e2794"",""scm-cnt"":""1007.19201.130907.0"",""gps-id"":""5547572""},""pvid"":""681a6bb7-f9fb-44b8-a8c9-6ec5339e2794"",""scm-cnt"":""1007.19201.130907.0"",""gps-id"":""5547572""}"
4001105046746,201995577,92,1615622399,1590994800,"http://ae01.alicdn.com/kf/H3b304b4a81654b9bac5174e945361698e.png",18,43,76,"US $15.20","US $15.20",8,"US $190.00","US $190.00",1,4.6,"//aliexpress.ru/item/4001105046746.html?gps-id=5547572&scm=1007.19201.130907.0&scm_id=1007.19201.130907.0&scm-url=1007.19201.130907.0&pvid=eead09e7-ed86-4371-b0df-caad6e3d37df","//ae01.alicdn.com/kf/Hc7b02c13ee9745fa8387facaa74dad7ed.jpg_350x350.jpg",92.6,"DAIMI Sky Blue Topaz Bracelet Female  gemstones Genuine Yellow 14K Gold Injection  Jewelry",1904902518,false,1615190400,92,100,157,"{""all"":{""pvid"":""eead09e7-ed86-4371-b0df-caad6e3d37df"",""scm-cnt"":""1007.19201.130907.0"",""gps-id"":""5547572""},""pvid"":""eead09e7-ed86-4371-b0df-caad6e3d37df"",""scm-cnt"":""1007.19201.130907.0"",""gps-id"":""5547572""}"
1005001408364966,240119948,82,1615622399,1599462000,"http://ae01.alicdn.com/kf/H3b304b4a81654b9bac5174e945361698e.png",18,43,506,"US $27.89","US $26.09",3,"US $154.95","US $144.95",1,4.8,"//aliexpress.ru/item/1005001408364966.html?gps-id=5547572&scm=1007.19201.130907.0&scm_id=1007.19201.130907.0&scm-url=1007.19201.130907.0&pvid=32dd59d4-74d7-4f5c-86a4-3cfa95a7c44c","//ae01.alicdn.com/kf/H649a75f5e8b4409ab962714d7f7a3f9aL.jpg_350x350.jpg",96.2,"LIGE New Women Smart Watch Woman Fashion Watch Heart Rate Sleep Monitoring For Android IOS IP67 Waterproof Ladies Smartwatch+Box",1904910591,false,1615190400,4496,4499,933,"{""all"":{""pvid"":""32dd59d4-74d7-4f5c-86a4-3cfa95a7c44c"",""scm-cnt"":""1007.19201.130907.0"",""gps-id"":""5547572""},""pvid"":""32dd59d4-74d7-4f5c-86a4-3cfa95a7c44c"",""scm-cnt"":""1007.19201.130907.0"",""gps-id"":""5547572""}"
4000578930995,240107904,91,1615622399,1578038400,"http://ae01.alicdn.com/kf/H3b304b4a81654b9bac5174e945361698e.png",18,43,36,"US $18.89","US $17.09",8,"US $209.90","US $189.90",1,4.4,"//aliexpress.ru/item/4000578930995.html?gps-id=5547572&scm=1007.19201.130907.0&scm_id=1007.19201.130907.0&scm-url=1007.19201.130907.0&pvid=84359873-8008-43b7-a0b5-c84f140cb283","//ae01.alicdn.com/kf/H0cb9cdcc46644c1bb52180efd1608678G.jpg_350x350.jpg",87.8,"2020 New Women Smart watches Waterproof Sports For Iphone phone Smartwatch Heart Rate Monitor Blood Pressure Functions For kid",1904902518,false,1615190400,792,800,68,"{""all"":{""pvid"":""84359873-8008-43b7-a0b5-c84f140cb283"",""scm-cnt"":""1007.19201.130907.0"",""gps-id"":""5547572""},""pvid"":""84359873-8008-43b7-a0b5-c84f140cb283"",""scm-cnt"":""1007.19201.130907.0"",""gps-id"":""5547572""}"
1005001758691214,237788427,93,1615622399,1605513600,"http://ae01.alicdn.com/kf/H3b304b4a81654b9bac5174e945361698e.png",18,43,42,"US $20.29","US $15.39",5,"US $289.90","US $219.90",1,5.0,"//aliexpress.ru/item/1005001758691214.html?gps-id=5547572&scm=1007.19201.130907.0&scm_id=1007.19201.130907.0&scm-url=1007.19201.130907.0&pvid=eead09e7-ed86-4371-b0df-caad6e3d37df","//ae01.alicdn.com/kf/Hc0e6c179b47d4b439c21cd3ed2c9a872R.jpg_350x350.jpg",99.0,"Relogio Masculino LIGE Mens Watches Top Brand Luxury Waterproof Watch For Men Fashion Stainless Steel Sport Golden Quartz Clock",1904902518,false,1615190400,595,600,110,"{""all"":{""pvid"":""eead09e7-ed86-4371-b0df-caad6e3d37df"",""scm-cnt"":""1007.19201.130907.0"",""gps-id"":""5547572""},""pvid"":""eead09e7-ed86-4371-b0df-caad6e3d37df"",""scm-cnt"":""1007.19201.130907.0"",""gps-id"":""5547572""}"
1005001692538644,240445289,91,1615622399,1604304000,"http://ae01.alicdn.com/kf/H3b304b4a81654b9bac5174e945361698e.png",18,43,546,"US $35.99","US $34.19",4,"US $399.90","US $379.90",1,4.8,"//aliexpress.ru/item/1005001692538644.html?gps-id=5547572&scm=1007.19201.130907.0&scm_id=1007.19201.130907.0&scm-url=1007.19201.130907.0&pvid=eead09e7-ed86-4371-b0df-caad6e3d37df","//ae01.alicdn.com/kf/H80a4884aff514179aa22c2b14fd14132l.jpg_350x350.jpg",96.0,"LIGE 2020 New Smart Watch Women Physiological Heart Rate Blood Pressure Monitoring For Android IOS Waterproof Ladies Smartwatch",1904749953,false,1615190400,4053,4057,1032,"{""all"":{""pvid"":""eead09e7-ed86-4371-b0df-caad6e3d37df"",""scm-cnt"":""1007.19201.130907.0"",""gps-id"":""5547572""},""pvid"":""eead09e7-ed86-4371-b0df-caad6e3d37df"",""scm-cnt"":""1007.19201.130907.0"",""gps-id"":""5547572""}"
4000010450009,238866013,84,1615622399,1563260400,"http://ae01.alicdn.com/kf/H3b304b4a81654b9bac5174e945361698e.png",18,43,190,"US $0.65","US $0.65",12,"US $4.09","US $4.09",1,4.9,"//aliexpress.ru/item/4000010450009.html?gps-id=5547572&scm=1007.19201.130907.0&scm_id=1007.19201.130907.0&scm-url=1007.19201.130907.0&pvid=0ced5956-bbdc-4eff-abce-5997b14a788f","//ae01.alicdn.com/kf/HTB1rYlRaAY2gK0jSZFgq6A5OFXal.jpg_350x350.jpg",97.6,"PHOMAX  PJN101 Household portable LED Display With 1 Slot Battery Charger For AA/AAA NiCd NiMh Rechargeable Batteries Charger",1904910591,false,1615190400,375,387,740,"{""all"":{""pvid"":""0ced5956-bbdc-4eff-abce-5997b14a788f"",""scm-cnt"":""1007.19201.130907.0"",""gps-id"":""5547572""},""pvid"":""0ced5956-bbdc-4eff-abce-5997b14a788f"",""scm-cnt"":""1007.19201.130907.0"",""gps-id"":""5547572""}"
4001289310147,243803653,81,1615622399,1595919600,"http://ae01.alicdn.com/kf/H3b304b4a81654b9bac5174e945361698e.png",18,43,72,"US $193.58","US $193.58",0,"US $1,018.82","US $1,018.82",1,4.6,"//aliexpress.ru/item/4001289310147.html?gps-id=5547572&scm=1007.19201.130907.0&scm_id=1007.19201.130907.0&scm-url=1007.19201.130907.0&pvid=32dd59d4-74d7-4f5c-86a4-3cfa95a7c44c","//ae01.alicdn.com/kf/Hbbb08d5bf41b470280cba13e75c34aecF.jpg_350x350.jpg",92.8,"Zhoutu Planetary Mixer, Stainless Steel Mixer with bowl, Electric Food Mixer , kitchen appliances dough food processor machine",1904778140,false,1615190400,823,823,228,"{""all"":{""pvid"":""32dd59d4-74d7-4f5c-86a4-3cfa95a7c44c"",""scm-cnt"":""1007.19201.130907.0"",""gps-id"":""5547572""},""pvid"":""32dd59d4-74d7-4f5c-86a4-3cfa95a7c44c"",""scm-cnt"":""1007.19201.130907.0"",""gps-id"":""5547572""}"
33037503846,233529985,82,1615622399,1559890800,"http://ae01.alicdn.com/kf/H3b304b4a81654b9bac5174e945361698e.png",18,43,111,"US $15.38","US $15.38",11,"US $85.45","US $85.45",1,4.7,"//aliexpress.ru/item/33037503846.html?gps-id=5547572&scm=1007.19201.130907.0&scm_id=1007.19201.130907.0&scm-url=1007.19201.130907.0&pvid=5e6cb9a5-dc63-4466-a32b-9afd6a06ac7d","//ae01.alicdn.com/kf/HTB1Wcy0b9SD3KVjSZFKq6z10VXaL.jpg_350x350.jpg",94.5,"Relojes Watch Men Fashion Sport Quartz Clock Mens Watches Chronograph high-end Business Waterproof Watch Relogio Masculino",1904902518,false,1615190400,2089,2100,199,"{""all"":{""pvid"":""5e6cb9a5-dc63-4466-a32b-9afd6a06ac7d"",""scm-cnt"":""1007.19201.130907.0"",""gps-id"":""5547572""},""pvid"":""5e6cb9a5-dc63-4466-a32b-9afd6a06ac7d"",""scm-cnt"":""1007.19201.130907.0"",""gps-id"":""5547572""}"
32864351215,229599332,80,1615622399,1523343600,"http://ae01.alicdn.com/kf/H3b304b4a81654b9bac5174e945361698e.png",18,43,795,"US $21.67","US $15.35",72,"US $108.33","US $76.74",1,4.8,"//aliexpress.ru/item/32864351215.html?gps-id=5547572&scm=1007.19201.130907.0&scm_id=1007.19201.130907.0&scm-url=1007.19201.130907.0&pvid=681a6bb7-f9fb-44b8-a8c9-6ec5339e2794","//ae01.alicdn.com/kf/Hd7bc2a3ccf8146588cd825613ad1f2c9T.jpg_350x350.jpg",96.8,"Modern Minimalist Wall Lamps Living Room Bedroom Bedside 16W AC96V-260V LED Sconce black white Lamp Aisle Lighting decoration",1904749953,false,1615190400,172837,172909,2635,"{""all"":{""pvid"":""681a6bb7-f9fb-44b8-a8c9-6ec5339e2794"",""scm-cnt"":""1007.19201.130907.0"",""gps-id"":""5547572""},""pvid"":""681a6bb7-f9fb-44b8-a8c9-6ec5339e2794"",""scm-cnt"":""1007.19201.130907.0"",""gps-id"":""5547572""}"
4001352820908,243705420,64,1615622399,1597474800,"http://ae01.alicdn.com/kf/H3b304b4a81654b9bac5174e945361698e.png",18,43,126,"US $17.70","US $16.60",8,"US $49.18","US $46.10",1,4.8,"//aliexpress.ru/item/4001352820908.html?gps-id=5547572&scm=1007.19201.130907.0&scm_id=1007.19201.130907.0&scm-url=1007.19201.130907.0&pvid=97f1d970-496a-4587-bd14-e6375bbc79f2","//ae01.alicdn.com/kf/H51d0951d305f41ea9348bfa6b879109as.jpg_350x350.jpg",97.0,"Women Hip Pads High Waist Trainer Shapewear Body Tummy Shaper Fake Ass Butt Lifter Booties Enhancer Booty Lifter Thigh Trimmer",1904749953,false,1615190400,21103,21111,654,"{""all"":{""pvid"":""97f1d970-496a-4587-bd14-e6375bbc79f2"",""scm-cnt"":""1007.19201.130907.0"",""gps-id"":""5547572""},""pvid"":""97f1d970-496a-4587-bd14-e6375bbc79f2"",""scm-cnt"":""1007.19201.130907.0"",""gps-id"":""5547572""}"
4000539506338,232956230,67,1615622399,1578384000,"http://ae01.alicdn.com/kf/H3b304b4a81654b9bac5174e945361698e.png",18,43,60864,"US $13.29","US $7.37",933,"US $40.27","US $22.32",1,4.8,"//aliexpress.ru/item/4000539506338.html?gps-id=5547572&scm=1007.19201.130907.0&scm_id=1007.19201.130907.0&scm-url=1007.19201.130907.0&pvid=97f1d970-496a-4587-bd14-e6375bbc79f2","//ae01.alicdn.com/kf/H604f784ffa6846009d12cd66ac1d92eeb.jpg_350x350.jpg",95.1,"TWS Bluetooth 5.0 Earphones 2200mAh Charging Box Wireless Headphone 9D Stereo Sports Waterproof Earbuds Headsets With Microphone",1904749953,false,1615190400,130277,131210,117845,"{""all"":{""pvid"":""97f1d970-496a-4587-bd14-e6375bbc79f2"",""scm-cnt"":""1007.19201.130907.0"",""gps-id"":""5547572""},""pvid"":""97f1d970-496a-4587-bd14-e6375bbc79f2"",""scm-cnt"":""1007.19201.130907.0"",""gps-id"":""5547572""}"
4000579125556,240107904,91,1615622399,1578038400,"http://ae01.alicdn.com/kf/H3b304b4a81654b9bac5174e945361698e.png",18,43,1213,"US $18.89","US $17.09",16,"US $209.90","US $189.90",1,4.6,"//aliexpress.ru/item/4000579125556.html?gps-id=5547572&scm=1007.19201.130907.0&scm_id=1007.19201.130907.0&scm-url=1007.19201.130907.0&pvid=eead09e7-ed86-4371-b0df-caad6e3d37df","//ae01.alicdn.com/kf/Hdbbc800df2814c8589731241cad701dbS.jpg_350x350.jpg",92.3,"LIGE Smart Watch Women Sports Smart Bracelet IP67 Waterproof Watch Pedometer Heart Rate Monitor LED color screen for Android ios",1904910591,false,1615190400,7632,7648,2151,"{""all"":{""pvid"":""eead09e7-ed86-4371-b0df-caad6e3d37df"",""scm-cnt"":""1007.19201.130907.0"",""gps-id"":""5547572""},""pvid"":""eead09e7-ed86-4371-b0df-caad6e3d37df"",""scm-cnt"":""1007.19201.130907.0"",""gps-id"":""5547572""}"
4001202079352,239139969,73,1615622399,1593586800,"http://ae01.alicdn.com/kf/H3b304b4a81654b9bac5174e945361698e.png",18,43,186,"US $31.40","US $31.40",62,"US $116.28","US $116.28",1,4.8,"//aliexpress.ru/item/4001202079352.html?gps-id=5547572&scm=1007.19201.130907.0&scm_id=1007.19201.130907.0&scm-url=1007.19201.130907.0&pvid=920bbc5e-a5a7-4afb-bc8c-96970f174d2c","//ae01.alicdn.com/kf/H1948b5d002684b20bcea6bc1bb7e2546O.jpg_350x350.jpg",97.0,"Massage Gun Mini Pocket Massager Deep Muscle Vibration Relief Pain Relax Fitness Therapy for Body Massage Relaxation",1905156575,false,1615190400,238,300,521,"{""all"":{""pvid"":""920bbc5e-a5a7-4afb-bc8c-96970f174d2c"",""scm-cnt"":""1007.19201.130907.0"",""gps-id"":""5547572""},""pvid"":""920bbc5e-a5a7-4afb-bc8c-96970f174d2c"",""scm-cnt"":""1007.19201.130907.0"",""gps-id"":""5547572""}"
4000517004580,228754193,55,1615622399,1576828800,"http://ae01.alicdn.com/kf/H3b304b4a81654b9bac5174e945361698e.png",18,43,10458,"US $56.51","US $40.19",897,"US $125.58","US $89.32",1,4.9,"//aliexpress.ru/item/4000517004580.html?gps-id=5547572&scm=1007.19201.130907.0&scm_id=1007.19201.130907.0&scm-url=1007.19201.130907.0&pvid=97f1d970-496a-4587-bd14-e6375bbc79f2","//ae01.alicdn.com/kf/H6943f75bd9d74292b514d33e3d0d0c24s.jpg_350x350.jpg",97.3,"LCD Display Massage Gun Deep Muscle Massager Muscle Pain Body Neck Massage Exercising  Relaxation Slimming Shaping Pain Relief",1905155618,false,1615190400,12078,12975,23912,"{""all"":{""pvid"":""97f1d970-496a-4587-bd14-e6375bbc79f2"",""scm-cnt"":""1007.19201.130907.0"",""gps-id"":""5547572""},""pvid"":""97f1d970-496a-4587-bd14-e6375bbc79f2"",""scm-cnt"":""1007.19201.130907.0"",""gps-id"":""5547572""}"
4001163897000,241712437,54,1615622399,1592550000,"http://ae01.alicdn.com/kf/H3b304b4a81654b9bac5174e945361698e.png",18,43,1316,"US $9.70","US $9.70",181,"US $21.09","US $21.09",1,4.8,"//aliexpress.ru/item/4001163897000.html?gps-id=5547572&scm=1007.19201.130907.0&scm_id=1007.19201.130907.0&scm-url=1007.19201.130907.0&pvid=920bbc5e-a5a7-4afb-bc8c-96970f174d2c","//ae01.alicdn.com/kf/He7f8a64ffdd94ac5ac168edaa3c2dbfdv.jpg_350x350.jpg",95.9,"OrangeA 2020 fashion bandage women straight pants solid elastic high waist slim long trousers 2020 summer streetwear outfits",1904749953,false,1615190400,29574,29755,6722,"{""all"":{""pvid"":""920bbc5e-a5a7-4afb-bc8c-96970f174d2c"",""scm-cnt"":""1007.19201.130907.0"",""gps-id"":""5547572""},""pvid"":""920bbc5e-a5a7-4afb-bc8c-96970f174d2c"",""scm-cnt"":""1007.19201.130907.0"",""gps-id"":""5547572""}"
1005001273981809,225643525,90,1615622399,1596524400,"http://ae01.alicdn.com/kf/H3b304b4a81654b9bac5174e945361698e.png",18,43,33,"US $39.00","US $39.00",0,"US $390.00","US $390.00",1,4.8,"//aliexpress.ru/item/1005001273981809.html?gps-id=5547572&scm=1007.19201.130907.0&scm_id=1007.19201.130907.0&scm-url=1007.19201.130907.0&pvid=84359873-8008-43b7-a0b5-c84f140cb283","//ae01.alicdn.com/kf/H29799187d1654d279ba0e48e7381729bM.jpg_350x350.jpg",95.2,"ONEMIX Men Hiking Shoes High Top Waterproof Leather Lightweight Outdoor Climbing Fishing Trekking Shoes Military Tactical Boots",1904927475,false,1615190400,818,818,57,"{""all"":{""pvid"":""84359873-8008-43b7-a0b5-c84f140cb283"",""scm-cnt"":""1007.19201.130907.0"",""gps-id"":""5547572""},""pvid"":""84359873-8008-43b7-a0b5-c84f140cb283"",""scm-cnt"":""1007.19201.130907.0"",""gps-id"":""5547572""}"
4000068842115,234316843,82,1615622399,1565074800,"http://ae01.alicdn.com/kf/H3b304b4a81654b9bac5174e945361698e.png",18,43,170,"US $29.95","US $15.65",4,"US $166.40","US $86.95",1,4.7,"//aliexpress.ru/item/4000068842115.html?gps-id=5547572&scm=1007.19201.130907.0&scm_id=1007.19201.130907.0&scm-url=1007.19201.130907.0&pvid=32dd59d4-74d7-4f5c-86a4-3cfa95a7c44c","//ae01.alicdn.com/kf/Hb8d6c20fc34045d5b512b390a580efabB.jpg_350x350.jpg",94.4,"BraveWay LED H4 16000LM Car LED H1 H7 H11 Moto Bulb 12V Auto H4 LED Motorcycle HeadLight H7 HB3 HB4 9005 9006 H8 H11 H3 Fog Lamp",1904778140,false,1615190400,1090,1094,375,"{""all"":{""pvid"":""32dd59d4-74d7-4f5c-86a4-3cfa95a7c44c"",""scm-cnt"":""1007.19201.130907.0"",""gps-id"":""5547572""},""pvid"":""32dd59d4-74d7-4f5c-86a4-3cfa95a7c44c"",""scm-cnt"":""1007.19201.130907.0"",""gps-id"":""5547572""}"
1005001560995907,220487727,55,1615622399,1602140400,"http://ae01.alicdn.com/kf/H3b304b4a81654b9bac5174e945361698e.png",18,43,964,"US $179.55","US $49.50",35,"US $399.00","US $110.00",1,4.8,"//aliexpress.ru/item/1005001560995907.html?gps-id=5547572&scm=1007.19201.130907.0&scm_id=1007.19201.130907.0&scm-url=1007.19201.130907.0&pvid=582ca33c-6196-45df-bd86-fac79a2c88ed","//ae01.alicdn.com/kf/H6630959fb1ba48fd92a8c9d2bf7a4b67i.jpg_350x350.jpg",95.9,"Beaufox Water Wave Headband Wig Human Hair Wigs For Black Women Brazilian Scarf Wig No Gel Glueless Remy Curly Human Hair Wigs",1904902518,false,1615190400,625,660,2373,"{""all"":{""pvid"":""582ca33c-6196-45df-bd86-fac79a2c88ed"",""scm-cnt"":""1007.19201.130907.0"",""gps-id"":""5547572""},""pvid"":""582ca33c-6196-45df-bd86-fac79a2c88ed"",""scm-cnt"":""1007.19201.130907.0"",""gps-id"":""5547572""}"
33001549366,229762062,91,1615622399,1555398000,"http://ae01.alicdn.com/kf/H3b304b4a81654b9bac5174e945361698e.png",18,43,2919,"US $0.99","US $0.99",306,"US $12.87","US $11.87",1,4.8,"//aliexpress.ru/item/33001549366.html?gps-id=5547572&scm=1007.19201.130907.0&scm_id=1007.19201.130907.0&scm-url=1007.19201.130907.0&pvid=681a6bb7-f9fb-44b8-a8c9-6ec5339e2794","//ae01.alicdn.com/kf/HTB1oqFmRpYqK1RjSZLeq6zXppXay.jpg_350x350.jpg",95.1,"O.TWO.O Eyelash Growth Serum Moisturizing Eyelash Nourishing Essence For Eyelashes Enhancer Lengthening Thicker 3ml",1904902518,false,1615190400,194,500,10960,"{""all"":{""pvid"":""681a6bb7-f9fb-44b8-a8c9-6ec5339e2794"",""scm-cnt"":""1007.19201.130907.0"",""gps-id"":""5547572""},""pvid"":""681a6bb7-f9fb-44b8-a8c9-6ec5339e2794"",""scm-cnt"":""1007.19201.130907.0"",""gps-id"":""5547572""}"
1005001895991167,245455871,95,1615622399,1608105600,"http://ae01.alicdn.com/kf/H3b304b4a81654b9bac5174e945361698e.png",18,43,29,"US $34.95","US $24.45",6,"US $699.00","US $489.00",1,4.8,"//aliexpress.ru/item/1005001895991167.html?gps-id=5547572&scm=1007.19201.130907.0&scm_id=1007.19201.130907.0&scm-url=1007.19201.130907.0&pvid=920bbc5e-a5a7-4afb-bc8c-96970f174d2c","//ae01.alicdn.com/kf/Hc7c32f0cb8e24525b61ab16e0fd121eac.jpg_350x350.jpg",95.2,"Watch Men Warcraft Quartz Watches Hollow out for Men's gift watchs retro Wrist Fashion Wristwatches Skeleton Clock Square luxury",1904902518,false,1615190400,459,465,49,"{""all"":{""pvid"":""920bbc5e-a5a7-4afb-bc8c-96970f174d2c"",""scm-cnt"":""1007.19201.130907.0"",""gps-id"":""5547572""},""pvid"":""920bbc5e-a5a7-4afb-bc8c-96970f174d2c"",""scm-cnt"":""1007.19201.130907.0"",""gps-id"":""5547572""}"
4001113217871,240172398,97,1615622399,1591167600,"http://ae01.alicdn.com/kf/H3b304b4a81654b9bac5174e945361698e.png",18,43,76,"US $3.00","US $3.00",2,"US $99.89","US $99.89",1,4.5,"//aliexpress.ru/item/4001113217871.html?gps-id=5547572&scm=1007.19201.130907.0&scm_id=1007.19201.130907.0&scm-url=1007.19201.130907.0&pvid=582ca33c-6196-45df-bd86-fac79a2c88ed","//ae01.alicdn.com/kf/H30f42fd2eccb40f0b14d8cc0772b570al.jpg_350x350.jpg",90.5,"YANHUI Silver 925 Earrings Small Lab Diamond Stud Earrings for Women Girls Silver 925 Jewelry Wedding Accessories YE064",1904902518,false,1615190400,192,194,219,"{""all"":{""pvid"":""582ca33c-6196-45df-bd86-fac79a2c88ed"",""scm-cnt"":""1007.19201.130907.0"",""gps-id"":""5547572""},""pvid"":""582ca33c-6196-45df-bd86-fac79a2c88ed"",""scm-cnt"":""1007.19201.130907.0"",""gps-id"":""5547572""}"
1005001798791670,240107904,82,1615622399,1606204800,"http://ae01.alicdn.com/kf/H3b304b4a81654b9bac5174e945361698e.png",18,43,213,"US $35.99","US $29.69",5,"US $199.95","US $164.95",1,4.7,"//aliexpress.ru/item/1005001798791670.html?gps-id=5547572&scm=1007.19201.130907.0&scm_id=1007.19201.130907.0&scm-url=1007.19201.130907.0&pvid=32dd59d4-74d7-4f5c-86a4-3cfa95a7c44c","//ae01.alicdn.com/kf/Hf84e9aa94c30441da51fa238581794b8L.jpg_350x350.jpg",94.9,"LIGE 2021 Luxury Brand Mens Smart Watch Steel Band Fitness Watch Heart Rate Blood Pressure Activity Tracker Smart Watch For Men",1904910591,false,1615190400,3221,3226,469,"{""all"":{""pvid"":""32dd59d4-74d7-4f5c-86a4-3cfa95a7c44c"",""scm-cnt"":""1007.19201.130907.0"",""gps-id"":""5547572""},""pvid"":""32dd59d4-74d7-4f5c-86a4-3cfa95a7c44c"",""scm-cnt"":""1007.19201.130907.0"",""gps-id"":""5547572""}"
32857447699,231351567,79,1615622399,1520496000,"http://ae01.alicdn.com/kf/H3b304b4a81654b9bac5174e945361698e.png",18,43,69,"US $26.46","US $25.20",7,"US $125.99","US $119.99",1,4.8,"//aliexpress.ru/item/32857447699.html?gps-id=5547572&scm=1007.19201.130907.0&scm_id=1007.19201.130907.0&scm-url=1007.19201.130907.0&pvid=681a6bb7-f9fb-44b8-a8c9-6ec5339e2794","//ae01.alicdn.com/kf/H94898b560e4147a89bcca06d35fb1ec6l.jpg_350x350.jpg",95.4,"EURCOOL 17 Inch Laptop Backpack For Men Water Repellent Functional Rucksack with USB Charging Port Travel Backpacks Male n1755",1904902518,false,1615190400,25,32,138,"{""all"":{""pvid"":""681a6bb7-f9fb-44b8-a8c9-6ec5339e2794"",""scm-cnt"":""1007.19201.130907.0"",""gps-id"":""5547572""},""pvid"":""681a6bb7-f9fb-44b8-a8c9-6ec5339e2794"",""scm-cnt"":""1007.19201.130907.0"",""gps-id"":""5547572""}"
32966499756,233024141,83,1615622399,1545811200,"http://ae01.alicdn.com/kf/H3b304b4a81654b9bac5174e945361698e.png",18,43,74,"US $21.24","US $18.69",4,"US $124.95","US $109.95",1,4.8,"//aliexpress.ru/item/32966499756.html?gps-id=5547572&scm=1007.19201.130907.0&scm_id=1007.19201.130907.0&scm-url=1007.19201.130907.0&pvid=5e6cb9a5-dc63-4466-a32b-9afd6a06ac7d","//ae01.alicdn.com/kf/HTB1Zhx_XVP7gK0jSZFjq6A5aXXa8.jpg_350x350.jpg",95.9,"MEGALITH Luxury Mens Watches Sports Chronograph Waterproof Analog 24 Hour Date Quartz Watch Men Full Steel Wrist Watches Clock",1904902518,false,1615190400,76,80,185,"{""all"":{""pvid"":""5e6cb9a5-dc63-4466-a32b-9afd6a06ac7d"",""scm-cnt"":""1007.19201.130907.0"",""gps-id"":""5547572""},""pvid"":""5e6cb9a5-dc63-4466-a32b-9afd6a06ac7d"",""scm-cnt"":""1007.19201.130907.0"",""gps-id"":""5547572""}"
4001023638315,110475363,80,1615622399,1589007600,"http://ae01.alicdn.com/kf/H3b304b4a81654b9bac5174e945361698e.png",18,43,33,"US $24.54","US $21.54",6,"US $122.69","US $107.69",1,4.9,"//aliexpress.ru/item/4001023638315.html?gps-id=5547572&scm=1007.19201.130907.0&scm_id=1007.19201.130907.0&scm-url=1007.19201.130907.0&pvid=681a6bb7-f9fb-44b8-a8c9-6ec5339e2794","//ae01.alicdn.com/kf/Ha7548a6d03724669ad885328d5a11ecct.jpg_350x350.jpg",98.8,"Dynamic Blinker LED Turn Signal for Audi A4 A5 B9 S4 S5 RS5 2017 2018 2019 Side Mirror Lights indicator flasher",1904902518,false,1615190400,1189,1195,103,"{""all"":{""pvid"":""681a6bb7-f9fb-44b8-a8c9-6ec5339e2794"",""scm-cnt"":""1007.19201.130907.0"",""gps-id"":""5547572""},""pvid"":""681a6bb7-f9fb-44b8-a8c9-6ec5339e2794"",""scm-cnt"":""1007.19201.130907.0"",""gps-id"":""5547572""}"
4001282298407,243803653,81,1615622399,1595833200,"http://ae01.alicdn.com/kf/H3b304b4a81654b9bac5174e945361698e.png",18,43,86,"US $309.32","US $129.20",5,"US $1,628.00","US $680.00",1,4.7,"//aliexpress.ru/item/4001282298407.html?gps-id=5547572&scm=1007.19201.130907.0&scm_id=1007.19201.130907.0&scm-url=1007.19201.130907.0&pvid=32dd59d4-74d7-4f5c-86a4-3cfa95a7c44c","//ae01.alicdn.com/kf/H98950646fb4f40dc9e10e726d06f5d822.jpg_350x350.jpg",94.7,"Zhoutu 5.5L Planetary Mixer,electric Stainless Steel Mixer with bowl，chopper juicer Cream Cake Bread  Kitchen  Food Mixer 1500W",1904902518,false,1615190400,40,45,301,"{""all"":{""pvid"":""32dd59d4-74d7-4f5c-86a4-3cfa95a7c44c"",""scm-cnt"":""1007.19201.130907.0"",""gps-id"":""5547572""},""pvid"":""32dd59d4-74d7-4f5c-86a4-3cfa95a7c44c"",""scm-cnt"":""1007.19201.130907.0"",""gps-id"":""5547572""}"
4001117037867,236179987,81,1615622399,1591254000,"http://ae01.alicdn.com/kf/H3b304b4a81654b9bac5174e945361698e.png",18,43,62,"US $16.32","US $16.32",3,"US $85.88","US $85.88",1,4.6,"//aliexpress.ru/item/4001117037867.html?gps-id=5547572&scm=1007.19201.130907.0&scm_id=1007.19201.130907.0&scm-url=1007.19201.130907.0&pvid=32dd59d4-74d7-4f5c-86a4-3cfa95a7c44c","//ae01.alicdn.com/kf/Hda17c1d6ae1b484db892a19d2b6a6776Q.jpg_350x350.jpg",92.6,"Bluedio Particle Wireless Earphone Bluetooth 5.0 Waterproof Earbuds Wireless Sport Tws 5.0 Headset With Microphone Charging Box",1904902518,false,1615190400,17,20,109,"{""all"":{""pvid"":""32dd59d4-74d7-4f5c-86a4-3cfa95a7c44c"",""scm-cnt"":""1007.19201.130907.0"",""gps-id"":""5547572""},""pvid"":""32dd59d4-74d7-4f5c-86a4-3cfa95a7c44c"",""scm-cnt"":""1007.19201.130907.0"",""gps-id"":""5547572""}"
1005002034414903,240514227,91,1615622399,1610611200,"http://ae01.alicdn.com/kf/H3b304b4a81654b9bac5174e945361698e.png",18,43,29,"US $151.20","US $151.20",4,"US $1,680.00","US $1,680.00",1,5.0,"//aliexpress.ru/item/1005002034414903.html?gps-id=5547572&scm=1007.19201.130907.0&scm_id=1007.19201.130907.0&scm-url=1007.19201.130907.0&pvid=eead09e7-ed86-4371-b0df-caad6e3d37df","//ae01.alicdn.com/kf/He27cd581a6444addb514672e90c8d428x.jpg_350x350.jpg",100.0,"OUPINKE Men Mechanical Watch Luxury Automatic Watch Leather Sapphire Waterproof Sports Moon Phase Wristwatch Montre homme",1904749953,false,1615190400,19837,19841,138,"{""all"":{""pvid"":""eead09e7-ed86-4371-b0df-caad6e3d37df"",""scm-cnt"":""1007.19201.130907.0"",""gps-id"":""5547572""},""pvid"":""eead09e7-ed86-4371-b0df-caad6e3d37df"",""scm-cnt"":""1007.19201.130907.0"",""gps-id"":""5547572""}"
1005001872059143,239579495,86,1615622399,1607587200,"http://ae01.alicdn.com/kf/H3b304b4a81654b9bac5174e945361698e.png",18,43,1206,"US $13.86","US $11.06",82,"US $99.00","US $79.00",1,4.8,"//aliexpress.ru/item/1005001872059143.html?gps-id=5547572&scm=1007.19201.130907.0&scm_id=1007.19201.130907.0&scm-url=1007.19201.130907.0&pvid=84359873-8008-43b7-a0b5-c84f140cb283","//ae01.alicdn.com/kf/H6ec096fed9f141a4b005dec07ba7e2cdG.jpg_350x350.jpg",95.4,"2021 New Arrival Moderno Watches Mens Sport Reloj Hombre Casual Relogio Masculino Para Military Army Leather Wrist Watch For Men",1904749953,false,1615190400,70418,70500,3090,"{""all"":{""pvid"":""84359873-8008-43b7-a0b5-c84f140cb283"",""scm-cnt"":""1007.19201.130907.0"",""gps-id"":""5547572""},""pvid"":""84359873-8008-43b7-a0b5-c84f140cb283"",""scm-cnt"":""1007.19201.130907.0"",""gps-id"":""5547572""}"
1005001689867019,240514227,90,1615622399,1604304000,"http://ae01.alicdn.com/kf/H3b304b4a81654b9bac5174e945361698e.png",18,43,301,"US $58.88","US $58.88",0,"US $588.80","US $588.80",1,4.8,"//aliexpress.ru/item/1005001689867019.html?gps-id=5547572&scm=1007.19201.130907.0&scm_id=1007.19201.130907.0&scm-url=1007.19201.130907.0&pvid=0ced5956-bbdc-4eff-abce-5997b14a788f","//ae01.alicdn.com/kf/H7a32ac1bc31042a5849545385e760463g.jpg_350x350.jpg",96.3,"JSDUN Men Mechanical Watch Top Brand Luxury Automatic Watch Leather Waterproof Sports Moon Phase Wristwatch relogio masculino",1904749953,false,1615190400,24449,24449,506,"{""all"":{""pvid"":""0ced5956-bbdc-4eff-abce-5997b14a788f"",""scm-cnt"":""1007.19201.130907.0"",""gps-id"":""5547572""},""pvid"":""0ced5956-bbdc-4eff-abce-5997b14a788f"",""scm-cnt"":""1007.19201.130907.0"",""gps-id"":""5547572""}"
4001039633127,237240813,99,1615622399,1589439600,"http://ae01.alicdn.com/kf/H3b304b4a81654b9bac5174e945361698e.png",18,43,28516,"US $0.01","US $0.01",844,"US $3.36","US $1.99",1,4.8,"//aliexpress.ru/item/4001039633127.html?gps-id=5547572&scm=1007.19201.130907.0&scm_id=1007.19201.130907.0&scm-url=1007.19201.130907.0&pvid=920bbc5e-a5a7-4afb-bc8c-96970f174d2c","//ae01.alicdn.com/kf/H9ae35955281544d4af53c47cc008c7052.jpg_350x350.jpg",95.1,"Camera Lens Protection Phone Case on For iPhone 11 12 Pro Max 8 7 6 6s Plus Xr XsMax X Xs SE 2020 12 Color Candy Soft Back Cover",1904749953,false,1615190400,12220554,12221398,65792,"{""all"":{""pvid"":""920bbc5e-a5a7-4afb-bc8c-96970f174d2c"",""scm-cnt"":""1007.19201.130907.0"",""gps-id"":""5547572""},""pvid"":""920bbc5e-a5a7-4afb-bc8c-96970f174d2c"",""scm-cnt"":""1007.19201.130907.0"",""gps-id"":""5547572""}"
1005001401827123,238959442,86,1615622399,1599289200,"http://ae01.alicdn.com/kf/H3b304b4a81654b9bac5174e945361698e.png",18,43,92,"US $1,399.86","US $1,399.86",2,"US $9,999.00","US $9,999.00",1,4.7,"//aliexpress.ru/item/1005001401827123.html?gps-id=5547572&scm=1007.19201.130907.0&scm_id=1007.19201.130907.0&scm-url=1007.19201.130907.0&pvid=d67b08fa-52fb-4e42-81e0-6ff85a3ce8d4","//ae01.alicdn.com/kf/H63e10c98bed54e05afd8a9d3a11e5862R.jpg_350x350.jpg",94.3,"MIUI 3.8L Smart Air Fryer Oven Electric Deep Fryer without Oil Home Toaster Rotisserie Dehydrator LED Touch French Fries Machine",1904778140,false,1615190400,22,24,167,"{""all"":{""pvid"":""d67b08fa-52fb-4e42-81e0-6ff85a3ce8d4"",""scm-cnt"":""1007.19201.130907.0"",""gps-id"":""5547572""},""pvid"":""d67b08fa-52fb-4e42-81e0-6ff85a3ce8d4"",""scm-cnt"":""1007.19201.130907.0"",""gps-id"":""5547572""}"
4000990040016,225633255,92,1615622399,1588143600,"http://ae01.alicdn.com/kf/H3b304b4a81654b9bac5174e945361698e.png",18,43,495,"US $19.99","US $19.99",15,"US $249.90","US $249.90",1,4.8,"//aliexpress.ru/item/4000990040016.html?gps-id=5547572&scm=1007.19201.130907.0&scm_id=1007.19201.130907.0&scm-url=1007.19201.130907.0&pvid=eead09e7-ed86-4371-b0df-caad6e3d37df","//ae01.alicdn.com/kf/H7de8ccd32dff4b66b7fdb4c65ea0cf12Y.jpg_350x350.jpg",96.6,"MEGIR 2020 Blue Sport Watches for Men Top Brand Luxury Chronograph Man Watch Military Quartz Clocks Luminous Relogio Masculino",1904749953,false,1615190400,128,143,1126,"{""all"":{""pvid"":""eead09e7-ed86-4371-b0df-caad6e3d37df"",""scm-cnt"":""1007.19201.130907.0"",""gps-id"":""5547572""},""pvid"":""eead09e7-ed86-4371-b0df-caad6e3d37df"",""scm-cnt"":""1007.19201.130907.0"",""gps-id"":""5547572""}"
1005001608427114,238959442,86,1615622399,1602918000,"http://ae01.alicdn.com/kf/H3b304b4a81654b9bac5174e945361698e.png",18,43,94,"US $1,399.86","US $1,399.86",0,"US $9,999.00","US $9,999.00",1,4.7,"//aliexpress.ru/item/1005001608427114.html?gps-id=5547572&scm=1007.19201.130907.0&scm_id=1007.19201.130907.0&scm-url=1007.19201.130907.0&pvid=d67b08fa-52fb-4e42-81e0-6ff85a3ce8d4","//ae01.alicdn.com/kf/H2cfd22d41c684dc0b3c16d11728192d0E.jpg_350x350.jpg",93.4,"MIUI 3.8L Electric Air Fryer Oil-Free 360° Baking Technology Home Deep fryer Oven French Fries Toaster LED Touch Screen",1904749953,false,1615190400,14,14,176,"{""all"":{""pvid"":""d67b08fa-52fb-4e42-81e0-6ff85a3ce8d4"",""scm-cnt"":""1007.19201.130907.0"",""gps-id"":""5547572""},""pvid"":""d67b08fa-52fb-4e42-81e0-6ff85a3ce8d4"",""scm-cnt"":""1007.19201.130907.0"",""gps-id"":""5547572""}"
4000752120754,240172398,93,1615622399,1583308800,"http://ae01.alicdn.com/kf/H3b304b4a81654b9bac5174e945361698e.png",18,43,303,"US $3.49","US $3.49",42,"US $49.89","US $49.89",1,4.8,"//aliexpress.ru/item/4000752120754.html?gps-id=5547572&scm=1007.19201.130907.0&scm_id=1007.19201.130907.0&scm-url=1007.19201.130907.0&pvid=920bbc5e-a5a7-4afb-bc8c-96970f174d2c","//ae01.alicdn.com/kf/H6c204b4b9468495ba243e88d6692054bk.jpg_350x350.jpg",96.6,"Classic 1 Carat Zirconia Diamond Wedding Engagement Rings for Men S925 Sterling Silver Jewelry Brand Men Ring With Certificate",1904902518,false,1615190400,69500,69542,741,"{""all"":{""pvid"":""920bbc5e-a5a7-4afb-bc8c-96970f174d2c"",""scm-cnt"":""1007.19201.130907.0"",""gps-id"":""5547572""},""pvid"":""920bbc5e-a5a7-4afb-bc8c-96970f174d2c"",""scm-cnt"":""1007.19201.130907.0"",""gps-id"":""5547572""}"
1005001678072012,234525240,83,1615622399,1603954800,"http://ae01.alicdn.com/kf/H3b304b4a81654b9bac5174e945361698e.png",18,43,80,"US $28.04","US $25.49",3,"US $164.95","US $149.95",1,4.8,"//aliexpress.ru/item/1005001678072012.html?gps-id=5547572&scm=1007.19201.130907.0&scm_id=1007.19201.130907.0&scm-url=1007.19201.130907.0&pvid=5e6cb9a5-dc63-4466-a32b-9afd6a06ac7d","//ae01.alicdn.com/kf/H38f220fd76f54f2585b59d211f7fd58aC.jpg_350x350.jpg",96.0,"LIGE Woman Bluetooth Phone Smart Watch Women Waterproof Sports Fitness Watch Health Tracker 2021 New Music Player smartwatch Men",1904902518,false,1615190400,597,600,142,"{""all"":{""pvid"":""5e6cb9a5-dc63-4466-a32b-9afd6a06ac7d"",""scm-cnt"":""1007.19201.130907.0"",""gps-id"":""5547572""},""pvid"":""5e6cb9a5-dc63-4466-a32b-9afd6a06ac7d"",""scm-cnt"":""1007.19201.130907.0"",""gps-id"":""5547572""}"
4001145166741,230144139,91,1615622399,1591945200,"http://ae01.alicdn.com/kf/H3b304b4a81654b9bac5174e945361698e.png",18,43,267,"US $45.45","US $15.21",16,"US $505.00","US $169.00",1,4.9,"//aliexpress.ru/item/4001145166741.html?gps-id=5547572&scm=1007.19201.130907.0&scm_id=1007.19201.130907.0&scm-url=1007.19201.130907.0&pvid=84359873-8008-43b7-a0b5-c84f140cb283","//ae01.alicdn.com/kf/H847e9de2ebc742b8b4bc04b756c922d45.jpg_350x350.jpg",97.5,"1830*610*6mm TPE Two Color Yoga Mat with Position Line Anti-slip Plank Support Environmental Home Fitness Gymnastics Odorless.",1904902518,false,1615190400,1121,1137,529,"{""all"":{""pvid"":""84359873-8008-43b7-a0b5-c84f140cb283"",""scm-cnt"":""1007.19201.130907.0"",""gps-id"":""5547572""},""pvid"":""84359873-8008-43b7-a0b5-c84f140cb283"",""scm-cnt"":""1007.19201.130907.0"",""gps-id"":""5547572""}"
1005001640964885,240392651,99,1615622399,1603436400,"http://ae01.alicdn.com/kf/H3b304b4a81654b9bac5174e945361698e.png",18,43,274,"US $0.01","US $0.01",206,"US $6.50","US $5.00",1,4.9,"//aliexpress.ru/item/1005001640964885.html?gps-id=5547572&scm=1007.19201.130907.0&scm_id=1007.19201.130907.0&scm-url=1007.19201.130907.0&pvid=0ced5956-bbdc-4eff-abce-5997b14a788f","//ae01.alicdn.com/kf/H24523f595e204494aadc6f7749aa60a1p.jpg_350x350.jpg",97.4,"25mm Individual Extension Eyelashes Natural Soft Volume Lashes Faux Mink Classic Lashes Handmade Korea Silk Mink Lash Supplies",1904902518,false,1615190400,417933,418139,1826,"{""all"":{""pvid"":""0ced5956-bbdc-4eff-abce-5997b14a788f"",""scm-cnt"":""1007.19201.130907.0"",""gps-id"":""5547572""},""pvid"":""0ced5956-bbdc-4eff-abce-5997b14a788f"",""scm-cnt"":""1007.19201.130907.0"",""gps-id"":""5547572""}"
1005001469639336,240119948,82,1615622399,1600412400,"http://ae01.alicdn.com/kf/H3b304b4a81654b9bac5174e945361698e.png",18,43,424,"US $29.69","US $29.69",7,"US $164.95","US $164.95",1,4.7,"//aliexpress.ru/item/1005001469639336.html?gps-id=5547572&scm=1007.19201.130907.0&scm_id=1007.19201.130907.0&scm-url=1007.19201.130907.0&pvid=5e6cb9a5-dc63-4466-a32b-9afd6a06ac7d","//ae01.alicdn.com/kf/H60056b42a01541cdbf7b403214446679U.jpg_350x350.jpg",94.5,"LIGE 2020 New Smart Watch Men Full Touch Screen Sport Fitness Watch IP68 Waterproof Bluetooth For Android ios smartwatch Men+box",1904778140,false,1615190400,5111,5118,870,"{""all"":{""pvid"":""5e6cb9a5-dc63-4466-a32b-9afd6a06ac7d"",""scm-cnt"":""1007.19201.130907.0"",""gps-id"":""5547572""},""pvid"":""5e6cb9a5-dc63-4466-a32b-9afd6a06ac7d"",""scm-cnt"":""1007.19201.130907.0"",""gps-id"":""5547572""}"
4001201202997,228352069,82,1615622399,1593586800,"http://ae01.alicdn.com/kf/H3b304b4a81654b9bac5174e945361698e.png",18,43,190,"US $31.50","US $18.00",158,"US $174.98","US $99.98",1,4.8,"//aliexpress.ru/item/4001201202997.html?gps-id=5547572&scm=1007.19201.130907.0&scm_id=1007.19201.130907.0&scm-url=1007.19201.130907.0&pvid=32dd59d4-74d7-4f5c-86a4-3cfa95a7c44c","//ae01.alicdn.com/kf/Hcba019eb760c404481cebdaa1f4058f18.jpg_350x350.jpg",95.3,"YI Home 1080p Camera  AI+ Smart Human detection Night vision Activity alerts for home pets baby nanny monitor Cloud and Micro SD",1904778140,false,1615190400,2565,2723,920,"{""all"":{""pvid"":""32dd59d4-74d7-4f5c-86a4-3cfa95a7c44c"",""scm-cnt"":""1007.19201.130907.0"",""gps-id"":""5547572""},""pvid"":""32dd59d4-74d7-4f5c-86a4-3cfa95a7c44c"",""scm-cnt"":""1007.19201.130907.0"",""gps-id"":""5547572""}"
1005001928573720,248438825,82,1615622399,1608624000,"http://ae01.alicdn.com/kf/H3b304b4a81654b9bac5174e945361698e.png",18,43,3,"US $12.56","US $4.70",8,"US $69.79","US $26.11",1,5.0,"//aliexpress.ru/item/1005001928573720.html?gps-id=5547572&scm=1007.19201.130907.0&scm_id=1007.19201.130907.0&scm-url=1007.19201.130907.0&pvid=32dd59d4-74d7-4f5c-86a4-3cfa95a7c44c","//ae01.alicdn.com/kf/Ha664205b5af641ba92153594c181407b0.jpg_350x350.jpg",100.0,"Undrilled Yoni Egg Rose Quartz Kegel Jade Eggs Tightening Vagina Women Pelvic Muscle Exercise Tool Crystal Yoni Massage Ball",1905156575,false,1615190400,992,1000,20,"{""all"":{""pvid"":""32dd59d4-74d7-4f5c-86a4-3cfa95a7c44c"",""scm-cnt"":""1007.19201.130907.0"",""gps-id"":""5547572""},""pvid"":""32dd59d4-74d7-4f5c-86a4-3cfa95a7c44c"",""scm-cnt"":""1007.19201.130907.0"",""gps-id"":""5547572""}"
4001283926687,237863514,93,1615622399,1595833200,"http://ae01.alicdn.com/kf/H3b304b4a81654b9bac5174e945361698e.png",18,43,183,"US $52.49","US $52.49",1,"US $749.90","US $749.90",1,4.9,"//aliexpress.ru/item/4001283926687.html?gps-id=5547572&scm=1007.19201.130907.0&scm_id=1007.19201.130907.0&scm-url=1007.19201.130907.0&pvid=920bbc5e-a5a7-4afb-bc8c-96970f174d2c","//ae01.alicdn.com/kf/Hfbcd18886b8441099f89d7c37cd3cb93r.jpg_350x350.jpg",98.1,"2021 LIGE Men Watch 316L Steel Automatic Mechanical Tourbillon Clock Fashion 100M Waterproof Luminous Watches Automatic Movement",1904902518,false,1615190400,510,511,245,"{""all"":{""pvid"":""920bbc5e-a5a7-4afb-bc8c-96970f174d2c"",""scm-cnt"":""1007.19201.130907.0"",""gps-id"":""5547572""},""pvid"":""920bbc5e-a5a7-4afb-bc8c-96970f174d2c"",""scm-cnt"":""1007.19201.130907.0"",""gps-id"":""5547572""}"
1005001759458257,240383520,92,1615622399,1605513600,"http://ae01.alicdn.com/kf/H3b304b4a81654b9bac5174e945361698e.png",18,43,29,"US $190.40","US $190.40",1,"US $2,380.00","US $2,380.00",1,5.0,"//aliexpress.ru/item/1005001759458257.html?gps-id=5547572&scm=1007.19201.130907.0&scm_id=1007.19201.130907.0&scm-url=1007.19201.130907.0&pvid=84359873-8008-43b7-a0b5-c84f140cb283","//ae01.alicdn.com/kf/He8443a536ebb44dbacc79b34d01128b7N.jpg_350x350.jpg",99.3,"OUPINKE Luxury Automatic Watch Men Sapphire Glass Mechanical Wristwatch Tungsten Steel 50m Waterproof Business Sport Men Watches",1904902518,false,1615190400,29,30,52,"{""all"":{""pvid"":""84359873-8008-43b7-a0b5-c84f140cb283"",""scm-cnt"":""1007.19201.130907.0"",""gps-id"":""5547572""},""pvid"":""84359873-8008-43b7-a0b5-c84f140cb283"",""scm-cnt"":""1007.19201.130907.0"",""gps-id"":""5547572""}"
4000823449701,240172398,97,1615622399,1584774000,"http://ae01.alicdn.com/kf/H3b304b4a81654b9bac5174e945361698e.png",18,43,109,"US $3.00","US $3.00",60,"US $99.89","US $99.89",1,4.7,"//aliexpress.ru/item/4000823449701.html?gps-id=5547572&scm=1007.19201.130907.0&scm_id=1007.19201.130907.0&scm-url=1007.19201.130907.0&pvid=582ca33c-6196-45df-bd86-fac79a2c88ed","//ae01.alicdn.com/kf/H82ff57cae1484aaf9631fe2edb6c0fbeF.jpg_350x350.jpg",94.7,"100% Original 925 Silver Rings For Women Princess Propose Marriage Heart Cubic Zirconia Ring Romantic Bridal Wedding Bijoux R099",1904902518,false,1615190400,1726,1786,259,"{""all"":{""pvid"":""582ca33c-6196-45df-bd86-fac79a2c88ed"",""scm-cnt"":""1007.19201.130907.0"",""gps-id"":""5547572""},""pvid"":""582ca33c-6196-45df-bd86-fac79a2c88ed"",""scm-cnt"":""1007.19201.130907.0"",""gps-id"":""5547572""}"
